parameter,sparsity,nat_top1,nat_top5,nat_loss,adv_top1,adv_top5,adv_loss,variance
module.basic_model.model.0.0.weight,0.0,69.57,89.072,1.2836479661331996,0.19799999999999818,2.2619999999999973,28.75971395299746,0.2829296886920929
module.basic_model.model.0.0.weight,0.05,69.57,89.072,1.2836479661331996,0.20000000000000018,2.2599999999999953,28.761541646638918,0.2829296886920929
module.basic_model.model.0.0.weight,0.1,69.57,89.072,1.2836479661331996,0.19400000000000528,2.2660000000000013,28.75804106455472,0.2829296886920929
module.basic_model.model.0.0.weight,0.15000000000000002,69.57,89.072,1.2836479661331996,0.20400000000000418,2.2560000000000024,28.75350823008856,0.2829296886920929
module.basic_model.model.0.0.weight,0.2,69.57,89.072,1.2836479661331996,0.19799999999999818,2.2660000000000013,28.763353080529914,0.2829296886920929
module.basic_model.model.0.0.weight,0.25,69.57,89.072,1.2836479661331996,0.19799999999999818,2.2599999999999953,28.747152648213127,0.2829296886920929
module.basic_model.model.0.0.weight,0.30000000000000004,69.57,89.072,1.2836479661331996,0.19400000000000528,2.2419999999999995,28.762223771803654,0.2829296886920929
module.basic_model.model.0.0.weight,0.35000000000000003,69.57,89.072,1.2836479661331996,0.19799999999999818,2.2299999999999986,28.77130531791836,0.2829296886920929
module.basic_model.model.0.0.weight,0.4,69.57,89.072,1.2836479661331996,0.19799999999999818,2.2780000000000022,28.742199628992307,0.2829296886920929
module.basic_model.model.0.0.weight,0.45,69.57,89.072,1.2836479661331996,0.19599999999999618,2.2719999999999962,28.766196251525667,0.2829296886920929
module.basic_model.model.0.0.weight,0.5,69.57,89.072,1.2836479661331996,0.19799999999999818,2.2499999999999964,28.76303032370458,0.2829296886920929
module.basic_model.model.0.0.weight,0.55,69.57,89.072,1.2836479661331996,0.19799999999999818,2.292000000000005,28.75863525551709,0.2829296886920929
module.basic_model.model.0.0.weight,0.6000000000000001,69.554,89.062,1.2841633136884116,0.20000000000000018,2.2540000000000004,28.759774514977515,0.2829296886920929
module.basic_model.model.0.0.weight,0.65,69.508,89.032,1.2857253381020737,0.19400000000000528,2.3259999999999947,28.802218210216658,0.2829296886920929
module.basic_model.model.0.0.weight,0.7000000000000001,69.44,88.90400000000001,1.2919797397773358,0.19599999999999618,2.2619999999999973,28.605774708611776,0.2829296886920929
module.basic_model.model.0.0.weight,0.75,67.838,87.94999999999999,1.363410303780303,0.18599999999999728,2.2599999999999953,28.152617690354216,0.2829296886920929
module.basic_model.model.0.0.weight,0.8,65.57600000000001,86.312,1.4659105293352628,0.16800000000000148,2.1660000000000013,27.80321364424127,0.2829296886920929
module.basic_model.model.0.0.weight,0.8500000000000001,58.77,81.362,1.8122224772655244,0.19599999999999618,2.1059999999999968,28.41115048445726,0.2829296886920929
module.basic_model.model.0.0.weight,0.9,48.268,73.196,2.3724784203164493,0.16599999999999948,1.4480000000000048,27.456425393764093,0.2829296886920929
module.basic_model.model.1.0.weight,0.0,69.57,89.072,1.2836479661331996,0.19400000000000528,2.2680000000000033,28.76404447213857,0.42099618911743164
module.basic_model.model.1.0.weight,0.05,69.57,89.072,1.2836479661331996,0.19200000000000328,2.2560000000000024,28.75612571494217,0.42099618911743164
module.basic_model.model.1.0.weight,0.1,69.57,89.072,1.2836479661331996,0.20200000000000218,2.2499999999999964,28.75574210478722,0.42099618911743164
module.basic_model.model.1.0.weight,0.15000000000000002,69.57,89.072,1.2836479661331996,0.19599999999999618,2.2719999999999962,28.758651666891407,0.42099618911743164
module.basic_model.model.1.0.weight,0.2,69.57,89.072,1.2836479661331996,0.19599999999999618,2.2780000000000022,28.759491970503987,0.42099618911743164
module.basic_model.model.1.0.weight,0.25,69.57,89.072,1.2836479661331996,0.19799999999999818,2.2719999999999962,28.751479644311654,0.42099618911743164
module.basic_model.model.1.0.weight,0.30000000000000004,69.57,89.072,1.2836479661331996,0.18799999999999928,2.2499999999999964,28.772279345218912,0.42099618911743164
module.basic_model.model.1.0.weight,0.35000000000000003,69.57,89.072,1.2836479661331996,0.20000000000000018,2.281999999999995,28.765450911116123,0.42099618911743164
module.basic_model.model.1.0.weight,0.4,69.57,89.072,1.2836479661331996,0.19400000000000528,2.288000000000001,28.760243399968473,0.42099618911743164
module.basic_model.model.1.0.weight,0.45,69.57,89.072,1.2836479661331996,0.20599999999999508,2.2499999999999964,28.760703881886688,0.42099618911743164
module.basic_model.model.1.0.weight,0.5,69.57,89.072,1.2836479661331996,0.19599999999999618,2.2660000000000013,28.75393008697663,0.42099618911743164
module.basic_model.model.1.0.weight,0.55,69.57,89.072,1.2836479661331996,0.20000000000000018,2.2619999999999973,28.755242123484827,0.42099618911743164
module.basic_model.model.1.0.weight,0.6000000000000001,69.384,88.972,1.2918037924717707,0.20999999999999908,2.3760000000000003,28.454629253746237,0.42099618911743164
module.basic_model.model.1.0.weight,0.65,68.472,88.434,1.3439805315460662,0.17800000000000038,2.2519999999999984,28.11252892696162,0.42099618911743164
module.basic_model.model.1.0.weight,0.7000000000000001,62.56999999999999,84.176,1.619637949300438,0.17800000000000038,1.5680000000000027,23.44378138503739,0.42099618911743164
module.basic_model.model.1.0.weight,0.75,56.858,79.662,1.9279820196764343,0.10999999999999899,1.0820000000000052,23.378314636337876,0.42099618911743164
module.basic_model.model.1.0.weight,0.8,34.394000000000005,58.3,3.497207034190957,0.06800000000000139,0.8399999999999963,25.124348762473158,0.42099618911743164
module.basic_model.model.1.0.weight,0.8500000000000001,4.810000000000003,11.670000000000002,8.744237024663576,0.017999999999995797,0.16000000000000458,19.98204137786256,0.42099618911743164
module.basic_model.model.1.0.weight,0.9,4.849999999999999,12.065999999999999,7.513999388908936,0.036000000000002697,0.30999999999999917,15.323892755380275,0.42099618911743164
module.basic_model.model.1.3.weight,0.0,69.57,89.072,1.2836479661331996,0.20200000000000218,2.2599999999999953,28.760547834409774,0.33228597044944763
module.basic_model.model.1.3.weight,0.05,69.57,89.072,1.2836479661331996,0.20200000000000218,2.2780000000000022,28.767665364539404,0.33228597044944763
module.basic_model.model.1.3.weight,0.1,69.57,89.072,1.2836479661331996,0.20000000000000018,2.2419999999999995,28.767286085274005,0.33228597044944763
module.basic_model.model.1.3.weight,0.15000000000000002,69.57,89.072,1.2836479661331996,0.19799999999999818,2.2440000000000015,28.754454951978865,0.33228597044944763
module.basic_model.model.1.3.weight,0.2,69.57,89.072,1.2836479661331996,0.19799999999999818,2.285999999999999,28.757538421445354,0.33228597044944763
module.basic_model.model.1.3.weight,0.25,69.57,89.072,1.2836479661331996,0.19599999999999618,2.2440000000000015,28.76627225137567,0.33228597044944763
module.basic_model.model.1.3.weight,0.30000000000000004,69.57,89.072,1.2836479661331996,0.19799999999999818,2.2480000000000055,28.758656225369172,0.33228597044944763
module.basic_model.model.1.3.weight,0.35000000000000003,69.57,89.072,1.2836479661331996,0.20599999999999508,2.2760000000000002,28.760051681533213,0.33228597044944763
module.basic_model.model.1.3.weight,0.4,69.57,89.072,1.2836479661331996,0.20200000000000218,2.285999999999999,28.763434391180343,0.33228597044944763
module.basic_model.model.1.3.weight,0.45,69.57,89.072,1.2836479661331996,0.20400000000000418,2.2639999999999993,28.756789187323353,0.33228597044944763
module.basic_model.model.1.3.weight,0.5,69.57,89.072,1.2836479661331996,0.19599999999999618,2.2499999999999964,28.76795161937337,0.33228597044944763
module.basic_model.model.1.3.weight,0.55,69.57,89.072,1.2836479661331996,0.19799999999999818,2.2220000000000018,28.766858077095034,0.33228597044944763
module.basic_model.model.1.3.weight,0.6000000000000001,69.57,89.072,1.2836479661331996,0.19799999999999818,2.2599999999999953,28.76438095595541,0.33228597044944763
module.basic_model.model.1.3.weight,0.65,69.574,89.074,1.2836352338488881,0.20000000000000018,2.2560000000000024,28.744610906638744,0.33228597044944763
module.basic_model.model.1.3.weight,0.7000000000000001,69.49000000000001,89.036,1.2852137122334244,0.20000000000000018,2.3819999999999952,28.48119912937674,0.33228597044944763
module.basic_model.model.1.3.weight,0.75,69.34400000000001,88.85,1.291665463400283,0.21200000000000108,2.4460000000000037,27.675771143370863,0.33228597044944763
module.basic_model.model.1.3.weight,0.8,68.884,88.556,1.3048253623019108,0.21999999999999797,2.3259999999999947,27.293645926797073,0.33228597044944763
module.basic_model.model.1.3.weight,0.8500000000000001,66.842,87.39399999999999,1.4080692009520068,0.15600000000000058,1.761999999999997,28.618345253908416,0.33228597044944763
module.basic_model.model.1.3.weight,0.9,58.97,81.618,1.8070099639801054,0.11799999999999589,1.2480000000000047,25.85994130224278,0.33228597044944763
module.basic_model.model.2.0.weight,0.0,69.57,89.072,1.2836479661331996,0.19000000000000128,2.2639999999999993,28.75985764877506,0.3381895422935486
module.basic_model.model.2.0.weight,0.05,69.57,89.072,1.2836479661331996,0.20200000000000218,2.2639999999999993,28.751841205247842,0.3381895422935486
module.basic_model.model.2.0.weight,0.1,69.57,89.072,1.2836479661331996,0.19799999999999818,2.300000000000002,28.763038353361697,0.3381895422935486
module.basic_model.model.2.0.weight,0.15000000000000002,69.57,89.072,1.2836479661331996,0.20000000000000018,2.2480000000000055,28.77663585091734,0.3381895422935486
module.basic_model.model.2.0.weight,0.2,69.528,89.06,1.2837045605336723,0.19200000000000328,2.198,28.38489547968672,0.3381895422935486
module.basic_model.model.2.0.weight,0.25,69.46600000000001,88.938,1.2886743793789592,0.17399999999999638,2.183999999999997,28.43414542099941,0.3381895422935486
module.basic_model.model.2.0.weight,0.30000000000000004,69.35,88.924,1.2917157022600683,0.16199999999999548,1.870000000000005,28.43955066824909,0.3381895422935486
module.basic_model.model.2.0.weight,0.35000000000000003,68.556,88.31599999999999,1.3436979643824163,0.14999999999999458,1.4800000000000035,29.47780676003985,0.3381895422935486
module.basic_model.model.2.0.weight,0.4,64.744,85.59,1.5198491124182447,0.06599999999999939,0.8680000000000021,27.407942110502162,0.3381895422935486
module.basic_model.model.2.0.weight,0.45,57.71999999999999,80.094,1.8688209936242037,0.058000000000002494,0.5539999999999989,24.685804150154844,0.3381895422935486
module.basic_model.model.2.0.weight,0.5,55.04599999999999,78.316,2.0321905389475816,0.0380000000000047,0.5059999999999953,26.094009835675827,0.3381895422935486
module.basic_model.model.2.0.weight,0.55,48.086,72.166,2.5281377629217823,0.06199999999999539,0.5879999999999996,29.78918708720726,0.3381895422935486
module.basic_model.model.2.0.weight,0.6000000000000001,42.444,67.228,2.9096081223307855,0.06199999999999539,0.5299999999999971,30.220639685827884,0.3381895422935486
module.basic_model.model.2.0.weight,0.65,34.99,59.38,3.496534630112826,0.053999999999998494,0.5519999999999969,28.917780914599508,0.3381895422935486
module.basic_model.model.2.0.weight,0.7000000000000001,24.298,46.440000000000005,4.611067004563789,0.06599999999999939,0.44199999999999795,28.76685011577541,0.3381895422935486
module.basic_model.model.2.0.weight,0.75,9.899999999999999,22.941999999999997,7.395373290346269,0.031999999999998696,0.30799999999999716,25.73233102516573,0.3381895422935486
module.basic_model.model.2.0.weight,0.8,5.291999999999996,13.268000000000002,9.649362725396987,0.026000000000003798,0.28000000000000247,24.5102290728881,0.3381895422935486
module.basic_model.model.2.0.weight,0.8500000000000001,2.425999999999995,6.601999999999997,10.757962535911831,0.036000000000002697,0.13400000000000079,22.704115818192083,0.3381895422935486
module.basic_model.model.2.0.weight,0.9,2.2700000000000053,6.442000000000004,10.278919912269322,0.034000000000000696,0.11999999999999789,21.930995011283844,0.3381895422935486
module.basic_model.model.2.3.weight,0.0,69.57,89.072,1.2836479661331996,0.19200000000000328,2.281999999999995,28.752477033887224,0.34050890803337097
module.basic_model.model.2.3.weight,0.05,69.57,89.072,1.2836479661331996,0.19599999999999618,2.2639999999999993,28.751539091841188,0.34050890803337097
module.basic_model.model.2.3.weight,0.1,69.57,89.072,1.2836479661331996,0.19599999999999618,2.2379999999999955,28.763701054505287,0.34050890803337097
module.basic_model.model.2.3.weight,0.15000000000000002,69.57,89.072,1.2836479661331996,0.19400000000000528,2.285999999999999,28.763976867124246,0.34050890803337097
module.basic_model.model.2.3.weight,0.2,69.57,89.072,1.2836479661331996,0.20400000000000418,2.2560000000000024,28.770037539403376,0.34050890803337097
module.basic_model.model.2.3.weight,0.25,69.57,89.072,1.2836479682687427,0.19799999999999818,2.315999999999996,28.761947354824972,0.34050890803337097
module.basic_model.model.2.3.weight,0.30000000000000004,69.59,89.038,1.2851950761910356,0.19799999999999818,2.2220000000000018,28.93138924792113,0.34050890803337097
module.basic_model.model.2.3.weight,0.35000000000000003,69.55799999999999,89.082,1.2858032840456022,0.19799999999999818,2.2399999999999975,28.931326219079164,0.34050890803337097
module.basic_model.model.2.3.weight,0.4,69.418,89.05,1.2860597648913474,0.19200000000000328,2.2639999999999993,28.936917933453696,0.34050890803337097
module.basic_model.model.2.3.weight,0.45,69.46600000000001,89.01400000000001,1.2888089339090922,0.18599999999999728,2.195999999999998,29.455686785819328,0.34050890803337097
module.basic_model.model.2.3.weight,0.5,69.122,88.66199999999999,1.3105922503800873,0.15800000000000258,1.9440000000000013,30.10186303920342,0.34050890803337097
module.basic_model.model.2.3.weight,0.55,68.64,88.354,1.3464042594702827,0.15199999999999658,1.7179999999999973,31.21961752390605,0.34050890803337097
module.basic_model.model.2.3.weight,0.6000000000000001,65.94800000000001,86.702,1.490810610511252,0.11999999999999789,1.3859999999999983,32.45559947123074,0.34050890803337097
module.basic_model.model.2.3.weight,0.65,66.83,87.31599999999999,1.4361904527007643,0.12799999999999478,1.4599999999999946,32.06405368494973,0.34050890803337097
module.basic_model.model.2.3.weight,0.7000000000000001,65.61600000000001,86.35,1.499984186578847,0.12799999999999478,1.4959999999999973,32.28924421248185,0.34050890803337097
module.basic_model.model.2.3.weight,0.75,63.09199999999999,84.786,1.6258439342714774,0.09000000000000119,1.1600000000000055,33.59418139942777,0.34050890803337097
module.basic_model.model.2.3.weight,0.8,60.827999999999996,83.018,1.731234486943547,0.09000000000000119,1.104000000000005,31.47853159218052,0.34050890803337097
module.basic_model.model.2.3.weight,0.8500000000000001,55.584,78.836,2.0057425715567883,0.13600000000000279,1.4440000000000008,30.963893790925383,0.34050890803337097
module.basic_model.model.2.3.weight,0.9,40.87,64.96600000000001,3.0282427798611087,0.08200000000000429,0.8340000000000014,31.080393600219782,0.34050890803337097
module.basic_model.model.3.0.weight,0.0,69.57,89.072,1.2836479661331996,0.20599999999999508,2.2760000000000002,28.74869837611439,0.3726899027824402
module.basic_model.model.3.0.weight,0.05,69.57,89.072,1.2836479661331996,0.19799999999999818,2.2639999999999993,28.75999956411657,0.3726899027824402
module.basic_model.model.3.0.weight,0.1,69.57,89.074,1.2836729013530848,0.19799999999999818,2.2719999999999962,28.758794470010276,0.3726899027824402
module.basic_model.model.3.0.weight,0.15000000000000002,69.54400000000001,89.064,1.2845878232311028,0.20599999999999508,2.285999999999999,28.83863812261715,0.3726899027824402
module.basic_model.model.3.0.weight,0.2,69.622,89.064,1.2861541590092667,0.19000000000000128,2.2480000000000055,28.977854083763525,0.3726899027824402
module.basic_model.model.3.0.weight,0.25,69.478,89.02600000000001,1.2880547920710295,0.20000000000000018,2.1680000000000033,28.68855599386904,0.3726899027824402
module.basic_model.model.3.0.weight,0.30000000000000004,68.822,88.634,1.3160202072281466,0.19200000000000328,2.081999999999995,28.737142921638128,0.3726899027824402
module.basic_model.model.3.0.weight,0.35000000000000003,68.87,88.656,1.3242395492753238,0.18599999999999728,2.192000000000005,28.848645239553587,0.3726899027824402
module.basic_model.model.3.0.weight,0.4,67.748,87.94,1.3723955822158747,0.17399999999999638,2.1179999999999977,28.170470230410032,0.3726899027824402
module.basic_model.model.3.0.weight,0.45,65.426,86.438,1.4829363904164061,0.14999999999999458,1.7279999999999962,28.593633802441985,0.3726899027824402
module.basic_model.model.3.0.weight,0.5,62.38600000000001,84.404,1.6266270418694926,0.12799999999999478,1.3859999999999983,27.78334572280135,0.3726899027824402
module.basic_model.model.3.0.weight,0.55,56.519999999999996,79.902,1.9260561208807339,0.09000000000000119,1.0680000000000023,27.350817175149448,0.3726899027824402
module.basic_model.model.3.0.weight,0.6000000000000001,47.79600000000001,72.27,2.430596069655053,0.04999999999999449,0.5920000000000036,26.578336713867774,0.3726899027824402
module.basic_model.model.3.0.weight,0.65,39.158,63.60600000000001,3.045823513813225,0.034000000000000696,0.40599999999999525,25.758473763005217,0.3726899027824402
module.basic_model.model.3.0.weight,0.7000000000000001,35.716,59.836,3.316704913125311,0.024000000000001798,0.33999999999999586,24.405404973777518,0.3726899027824402
module.basic_model.model.3.0.weight,0.75,7.672000000000001,18.348,6.5052807645315704,0.017999999999995797,0.16399999999999748,19.056960243181173,0.3726899027824402
module.basic_model.model.3.0.weight,0.8,4.912000000000005,12.990000000000002,7.647812801755853,0.027999999999994696,0.16000000000000458,17.430296472304153,0.3726899027824402
module.basic_model.model.3.0.weight,0.8500000000000001,0.14199999999999768,0.8839999999999959,12.4602495400248,0.031999999999998696,0.16599999999999948,13.037810785832956,0.3726899027824402
module.basic_model.model.3.0.weight,0.9,0.12199999999999989,0.8159999999999945,11.971741756261045,0.017999999999995797,0.21200000000000108,13.716272869708067,0.3726899027824402
module.basic_model.model.3.3.weight,0.0,69.57,89.072,1.2836479661331996,0.20200000000000218,2.2780000000000022,28.766938961246275,0.3190983533859253
module.basic_model.model.3.3.weight,0.05,69.57,89.072,1.2836479661331996,0.19599999999999618,2.2519999999999984,28.761051131606575,0.3190983533859253
module.basic_model.model.3.3.weight,0.1,69.57,89.072,1.2836479661331996,0.20599999999999508,2.293999999999996,28.763306580212223,0.3190983533859253
module.basic_model.model.3.3.weight,0.15000000000000002,69.57,89.072,1.2836479661331996,0.20400000000000418,2.2460000000000035,28.775401980008954,0.3190983533859253
module.basic_model.model.3.3.weight,0.2,69.572,89.074,1.283588812546479,0.20400000000000418,2.2599999999999953,28.735046862030472,0.3190983533859253
module.basic_model.model.3.3.weight,0.25,69.51,89.032,1.2861531959156633,0.19599999999999618,2.3399999999999976,28.718398498100726,0.3190983533859253
module.basic_model.model.3.3.weight,0.30000000000000004,69.372,88.988,1.2906822623996055,0.21200000000000108,2.3780000000000023,28.41812360431625,0.3190983533859253
module.basic_model.model.3.3.weight,0.35000000000000003,69.192,88.77199999999999,1.2955155215504388,0.19200000000000328,2.300000000000002,28.63137939932707,0.3190983533859253
module.basic_model.model.3.3.weight,0.4,68.654,88.47,1.3309943655402108,0.12999999999999678,1.8079999999999985,30.37806110418692,0.3190983533859253
module.basic_model.model.3.3.weight,0.45,67.318,87.708,1.3945520151447066,0.08799999999999919,1.2519999999999976,32.17885372261929,0.3190983533859253
module.basic_model.model.3.3.weight,0.5,64.72,85.83000000000001,1.5252817482118488,0.07599999999999829,1.1120000000000019,34.00789671194374,0.3190983533859253
module.basic_model.model.3.3.weight,0.55,59.424,82.116,1.798996875969475,0.06399999999999739,1.0059999999999958,31.202430966719607,0.3190983533859253
module.basic_model.model.3.3.weight,0.6000000000000001,53.468,76.968,2.135261754576244,0.058000000000002494,0.7319999999999993,29.561566182000483,0.3190983533859253
module.basic_model.model.3.3.weight,0.65,48.224000000000004,72.236,2.4933324682354034,0.06599999999999939,0.6920000000000037,30.09184954430297,0.3190983533859253
module.basic_model.model.3.3.weight,0.7000000000000001,31.718000000000004,54.17000000000001,3.581729183575325,0.06199999999999539,0.42999999999999705,26.354998504360445,0.3190983533859253
module.basic_model.model.3.3.weight,0.75,22.031999999999996,41.97,4.569575174718204,0.039999999999995595,0.28799999999999937,23.286320380041843,0.3190983533859253
module.basic_model.model.3.3.weight,0.8,3.646000000000005,9.089999999999998,8.0328582969142,0.012000000000000899,0.13600000000000279,18.44184685577133,0.3190983533859253
module.basic_model.model.3.3.weight,0.8500000000000001,2.32,6.928000000000001,8.38761657831078,0.0160000000000049,0.11400000000000299,18.754630801468725,0.3190983533859253
module.basic_model.model.3.3.weight,0.9,0.45800000000000285,2.746000000000004,10.231065353749289,0.053999999999998494,0.16800000000000148,18.609256831027015,0.3190983533859253
module.basic_model.model.4.0.weight,0.0,69.57,89.072,1.2836479661331996,0.19799999999999818,2.2719999999999962,28.757274465994143,0.3037882149219513
module.basic_model.model.4.0.weight,0.05,69.57,89.072,1.2836479661331996,0.20000000000000018,2.2560000000000024,28.75691580208007,0.3037882149219513
module.basic_model.model.4.0.weight,0.1,69.57,89.072,1.2836479661331996,0.19799999999999818,2.2680000000000033,28.756804711225293,0.3037882149219513
module.basic_model.model.4.0.weight,0.15000000000000002,69.51,89.006,1.284255159984242,0.18200000000000438,2.214000000000005,28.61537659114855,0.3037882149219513
module.basic_model.model.4.0.weight,0.2,69.168,88.85,1.2997769704630797,0.19799999999999818,2.3540000000000005,28.389873653211723,0.3037882149219513
module.basic_model.model.4.0.weight,0.25,68.898,88.72,1.3127030943420837,0.20999999999999908,2.393999999999996,28.63463268200705,0.3037882149219513
module.basic_model.model.4.0.weight,0.30000000000000004,68.658,88.496,1.3237844942398547,0.21799999999999597,2.403999999999995,28.036917093695582,0.3037882149219513
module.basic_model.model.4.0.weight,0.35000000000000003,67.27199999999999,87.624,1.3769327025724707,0.17800000000000038,1.959999999999995,27.461425700709377,0.3037882149219513
module.basic_model.model.4.0.weight,0.4,66.07000000000001,86.788,1.4276909649715317,0.16800000000000148,1.6920000000000046,26.747167072918515,0.3037882149219513
module.basic_model.model.4.0.weight,0.45,55.55,78.736,1.9589634784428782,0.09200000000000319,0.8120000000000016,25.020465120472963,0.3037882149219513
module.basic_model.model.4.0.weight,0.5,49.99,73.66,2.283099145440816,0.07800000000000029,0.7260000000000044,24.363552792134847,0.3037882149219513
module.basic_model.model.4.0.weight,0.55,41.162,64.61,2.8560156495389606,0.06399999999999739,0.5199999999999982,23.572659070874657,0.3037882149219513
module.basic_model.model.4.0.weight,0.6000000000000001,29.696,51.648,3.68929099571377,0.04999999999999449,0.44999999999999485,22.234923552490585,0.3037882149219513
module.basic_model.model.4.0.weight,0.65,18.930000000000003,36.968,4.699896386397331,0.039999999999995595,0.31799999999999606,20.6384849084621,0.3037882149219513
module.basic_model.model.4.0.weight,0.7000000000000001,9.704,21.919999999999995,6.067733610507698,0.031999999999998696,0.19599999999999618,19.921462400708553,0.3037882149219513
module.basic_model.model.4.0.weight,0.75,3.9919999999999956,10.329999999999995,7.546503664893505,0.026000000000003798,0.12999999999999678,18.553700154207547,0.3037882149219513
module.basic_model.model.4.0.weight,0.8,2.0580000000000043,5.801999999999996,8.251046694476724,0.009999999999998899,0.11400000000000299,16.598342950726945,0.3037882149219513
module.basic_model.model.4.0.weight,0.8500000000000001,0.5939999999999945,1.859999999999995,9.722123061626746,0.005999999999994898,0.08200000000000429,15.022994279403825,0.3037882149219513
module.basic_model.model.4.0.weight,0.9,0.22600000000000398,0.7600000000000051,11.243842757671054,0.009999999999998899,0.11200000000000099,15.396032610385017,0.3037882149219513
module.basic_model.model.4.3.weight,0.0,69.57,89.072,1.2836479661331996,0.19599999999999618,2.2480000000000055,28.76188739476416,0.30016109347343445
module.basic_model.model.4.3.weight,0.05,69.57,89.072,1.2836479661331996,0.19599999999999618,2.2680000000000033,28.768764855231712,0.30016109347343445
module.basic_model.model.4.3.weight,0.1,69.57,89.072,1.2836479661331996,0.19799999999999818,2.2660000000000013,28.750569180044966,0.30016109347343445
module.basic_model.model.4.3.weight,0.15000000000000002,69.57,89.072,1.2836479661331996,0.19599999999999618,2.2599999999999953,28.761499340230685,0.30016109347343445
module.basic_model.model.4.3.weight,0.2,69.57,89.072,1.2836479661331996,0.19599999999999618,2.2780000000000022,28.756926271752263,0.30016109347343445
module.basic_model.model.4.3.weight,0.25,69.578,89.062,1.2836176287799936,0.19799999999999818,2.2719999999999962,28.769484145932637,0.30016109347343445
module.basic_model.model.4.3.weight,0.30000000000000004,69.55799999999999,89.024,1.2836092720791352,0.19599999999999618,2.2800000000000042,28.521668219978203,0.30016109347343445
module.basic_model.model.4.3.weight,0.35000000000000003,69.392,88.92599999999999,1.2858434667666592,0.19599999999999618,2.285999999999999,28.23246763428282,0.30016109347343445
module.basic_model.model.4.3.weight,0.4,69.268,88.78399999999999,1.2967737996265518,0.18000000000000238,2.1179999999999977,28.255383614157527,0.30016109347343445
module.basic_model.model.4.3.weight,0.45,68.58,88.27199999999999,1.337975145721008,0.18799999999999928,2.095999999999998,28.70960953078512,0.30016109347343445
module.basic_model.model.4.3.weight,0.5,68.414,88.278,1.347635829936829,0.16199999999999548,1.9199999999999995,30.67115096411332,0.30016109347343445
module.basic_model.model.4.3.weight,0.55,67.93199999999999,87.942,1.3703344025370836,0.15199999999999658,1.7260000000000053,30.074422414685714,0.30016109347343445
module.basic_model.model.4.3.weight,0.6000000000000001,67.006,87.452,1.4022141204228116,0.12199999999999989,1.4780000000000015,29.573287198731144,0.30016109347343445
module.basic_model.model.4.3.weight,0.65,63.690000000000005,85.436,1.5697048340786417,0.09000000000000119,1.0800000000000032,30.498272832356722,0.30016109347343445
module.basic_model.model.4.3.weight,0.7000000000000001,62.20399999999999,84.38799999999999,1.6469286405651236,0.10599999999999499,1.0759999999999992,29.843010371568756,0.30016109347343445
module.basic_model.model.4.3.weight,0.75,56.577999999999996,80.304,1.9837527741855028,0.08399999999999519,0.7319999999999993,32.57927079301411,0.30016109347343445
module.basic_model.model.4.3.weight,0.8,39.62,64.074,3.213936797411719,0.029999999999996696,0.34399999999999986,33.0232915707452,0.30016109347343445
module.basic_model.model.4.3.weight,0.8500000000000001,23.663999999999994,44.230000000000004,4.73198434700969,0.021999999999999797,0.17599999999999838,29.472012447227854,0.30016109347343445
module.basic_model.model.4.3.weight,0.9,6.459999999999999,16.125999999999998,7.900490931646986,0.027999999999994696,0.16000000000000458,23.528636821934782,0.30016109347343445
module.basic_model.model.5.0.weight,0.0,69.57,89.072,1.2836479661331996,0.19799999999999818,2.2320000000000007,28.759976412650456,0.3520965278148651
module.basic_model.model.5.0.weight,0.05,69.57,89.072,1.2836479661331996,0.19400000000000528,2.2499999999999964,28.766192625061674,0.3520965278148651
module.basic_model.model.5.0.weight,0.1,69.57,89.072,1.2836479661331996,0.20400000000000418,2.2719999999999962,28.745943054204073,0.3520965278148651
module.basic_model.model.5.0.weight,0.15000000000000002,69.54599999999999,89.056,1.2834819093470546,0.19400000000000528,2.2279999999999966,28.78204692149879,0.3520965278148651
module.basic_model.model.5.0.weight,0.2,69.6,89.086,1.2838999495930363,0.19599999999999618,2.183999999999997,28.99610478040586,0.3520965278148651
module.basic_model.model.5.0.weight,0.25,69.448,89.042,1.2860305817632132,0.19200000000000328,2.2199999999999998,28.656772852706688,0.3520965278148651
module.basic_model.model.5.0.weight,0.30000000000000004,69.30199999999999,88.914,1.2926465680564116,0.20400000000000418,2.2159999999999958,28.305810227885264,0.3520965278148651
module.basic_model.model.5.0.weight,0.35000000000000003,68.694,88.446,1.317017092776468,0.21200000000000108,2.1299999999999986,28.182466374248992,0.3520965278148651
module.basic_model.model.5.0.weight,0.4,67.882,87.878,1.3513263619182516,0.17599999999999838,2.093999999999996,28.053699277107825,0.3520965278148651
module.basic_model.model.5.0.weight,0.45,67.144,87.154,1.3887874693803426,0.18399999999999528,2.1660000000000013,27.00143301372568,0.3520965278148651
module.basic_model.model.5.0.weight,0.5,66.09,86.578,1.4430794267035103,0.16199999999999548,1.9560000000000022,28.40096010768253,0.3520965278148651
module.basic_model.model.5.0.weight,0.55,57.75,80.238,1.8777788689101436,0.11600000000000499,1.1099999999999999,28.91316890869092,0.3520965278148651
module.basic_model.model.5.0.weight,0.6000000000000001,45.616,69.392,2.622668684253465,0.11600000000000499,0.8380000000000054,28.098339661984465,0.3520965278148651
module.basic_model.model.5.0.weight,0.65,36.448,59.646,3.354471424719648,0.11600000000000499,0.7220000000000004,28.49513191423276,0.3520965278148651
module.basic_model.model.5.0.weight,0.7000000000000001,15.203999999999995,31.445999999999998,5.797179943921863,0.07399999999999629,0.46000000000000485,28.313910320792075,0.3520965278148651
module.basic_model.model.5.0.weight,0.75,3.173999999999999,8.260000000000002,10.152578637375697,0.041999999999997595,0.24399999999999977,31.565941970468867,0.3520965278148651
module.basic_model.model.5.0.weight,0.8,2.8980000000000006,8.138000000000002,9.719209520769525,0.041999999999997595,0.21400000000000308,29.584469709195034,0.3520965278148651
module.basic_model.model.5.0.weight,0.8500000000000001,1.2839999999999963,4.015999999999997,10.306638204815014,0.0160000000000049,0.14199999999999768,24.394423070506118,0.3520965278148651
module.basic_model.model.5.0.weight,0.9,0.6340000000000012,2.3900000000000032,12.913717350438104,0.021999999999999797,0.10400000000000409,25.265214438630597,0.3520965278148651
module.basic_model.model.5.3.weight,0.0,69.57,89.072,1.2836479661331996,0.20000000000000018,2.293999999999996,28.774535638585913,0.2758873403072357
module.basic_model.model.5.3.weight,0.05,69.57,89.072,1.2836479661331996,0.19599999999999618,2.292000000000005,28.762815880607665,0.2758873403072357
module.basic_model.model.5.3.weight,0.1,69.57,89.072,1.2836479661331996,0.19599999999999618,2.2499999999999964,28.760339108477474,0.2758873403072357
module.basic_model.model.5.3.weight,0.15000000000000002,69.57,89.072,1.2836479661331996,0.20200000000000218,2.292000000000005,28.749124160273563,0.2758873403072357
module.basic_model.model.5.3.weight,0.2,69.57,89.072,1.2836479661331996,0.20200000000000218,2.2780000000000022,28.76276854224028,0.2758873403072357
module.basic_model.model.5.3.weight,0.25,69.57,89.072,1.2836479661331996,0.20599999999999508,2.2739999999999982,28.75084179483465,0.2758873403072357
module.basic_model.model.5.3.weight,0.30000000000000004,69.57,89.072,1.2836479031726948,0.19799999999999818,2.2499999999999964,28.74559570868965,0.2758873403072357
module.basic_model.model.5.3.weight,0.35000000000000003,69.56400000000001,89.046,1.2836540971745007,0.19599999999999618,2.2560000000000024,28.76872247011329,0.2758873403072357
module.basic_model.model.5.3.weight,0.4,69.54199999999999,89.046,1.284937206476983,0.19799999999999818,2.2580000000000044,28.805586919827267,0.2758873403072357
module.basic_model.model.5.3.weight,0.45,69.432,89.02600000000001,1.2893119529890684,0.18200000000000438,2.205999999999997,28.949973415733517,0.2758873403072357
module.basic_model.model.5.3.weight,0.5,69.256,88.846,1.3011640812903746,0.18200000000000438,2.205999999999997,29.190323834532112,0.2758873403072357
module.basic_model.model.5.3.weight,0.55,69.06,88.72,1.3132109652706552,0.15600000000000058,1.9499999999999962,28.89794190053522,0.2758873403072357
module.basic_model.model.5.3.weight,0.6000000000000001,68.25,88.256,1.3413597319420543,0.15800000000000258,1.7040000000000055,28.835695458312735,0.2758873403072357
module.basic_model.model.5.3.weight,0.65,67.49000000000001,87.822,1.3641163296068002,0.15800000000000258,1.434000000000002,27.94365272778235,0.2758873403072357
module.basic_model.model.5.3.weight,0.7000000000000001,65.49400000000001,86.612,1.4586876043888972,0.11400000000000299,1.1820000000000053,29.499937931849058,0.2758873403072357
module.basic_model.model.5.3.weight,0.75,62.574,84.41199999999999,1.6262377665276277,0.10400000000000409,1.0580000000000034,29.390955943292496,0.2758873403072357
module.basic_model.model.5.3.weight,0.8,54.264,77.958,2.0764825202987085,0.08599999999999719,0.7859999999999978,28.255619893528618,0.2758873403072357
module.basic_model.model.5.3.weight,0.8500000000000001,33.342000000000006,57.391999999999996,3.48272183165669,0.08000000000000229,0.6299999999999972,24.703275563086883,0.2758873403072357
module.basic_model.model.5.3.weight,0.9,6.559999999999999,16.744000000000003,7.547569750900536,0.014000000000002899,0.23600000000000287,24.007202786661,0.2758873403072357
module.basic_model.model.6.0.weight,0.0,69.57,89.072,1.2836479661331996,0.19400000000000528,2.283999999999997,28.7553003430748,0.2789316475391388
module.basic_model.model.6.0.weight,0.05,69.57,89.072,1.2836479661331996,0.20200000000000218,2.2739999999999982,28.747660280875714,0.2789316475391388
module.basic_model.model.6.0.weight,0.1,69.57,89.072,1.2836479661331996,0.19400000000000528,2.2580000000000044,28.759649207785763,0.2789316475391388
module.basic_model.model.6.0.weight,0.15000000000000002,69.57,89.072,1.2836479661331996,0.19400000000000528,2.2700000000000053,28.769494653434545,0.2789316475391388
module.basic_model.model.6.0.weight,0.2,69.57,89.072,1.2836479661331996,0.19599999999999618,2.2700000000000053,28.748349912183354,0.2789316475391388
module.basic_model.model.6.0.weight,0.25,69.572,89.064,1.283798438916964,0.20400000000000418,2.283999999999997,28.78309778334314,0.2789316475391388
module.basic_model.model.6.0.weight,0.30000000000000004,69.42200000000001,88.97,1.2875548974108562,0.19599999999999618,2.200000000000002,28.768076017432204,0.2789316475391388
module.basic_model.model.6.0.weight,0.35000000000000003,69.30199999999999,88.844,1.2943081010707445,0.18200000000000438,2.1279999999999966,28.61504007865433,0.2789316475391388
module.basic_model.model.6.0.weight,0.4,68.916,88.488,1.3137315558609237,0.16199999999999548,2.068000000000003,28.328645977086172,0.2789316475391388
module.basic_model.model.6.0.weight,0.45,68.188,88.036,1.3420694257613572,0.17800000000000038,2.0340000000000025,28.109625172630324,0.2789316475391388
module.basic_model.model.6.0.weight,0.5,67.072,87.33999999999999,1.3926663767887235,0.15199999999999658,1.8920000000000048,28.12475862887451,0.2789316475391388
module.basic_model.model.6.0.weight,0.55,64.152,85.33,1.521856761939695,0.12999999999999678,1.4499999999999957,29.173786780808232,0.2789316475391388
module.basic_model.model.6.0.weight,0.6000000000000001,61.224000000000004,83.35000000000001,1.6601260868845586,0.12400000000000189,1.2639999999999985,29.160111721402476,0.2789316475391388
module.basic_model.model.6.0.weight,0.65,52.117999999999995,76.46,2.13292233103449,0.08599999999999719,0.8220000000000005,29.16392291942163,0.2789316475391388
module.basic_model.model.6.0.weight,0.7000000000000001,46.306000000000004,71.158,2.4609322433508245,0.06800000000000139,0.6340000000000012,27.318213545810814,0.2789316475391388
module.basic_model.model.6.0.weight,0.75,19.796000000000003,39.410000000000004,4.619145939232665,0.051999999999996493,0.29200000000000337,23.225179084050506,0.2789316475391388
module.basic_model.model.6.0.weight,0.8,5.054000000000003,12.961999999999996,6.957360990598122,0.034000000000000696,0.13400000000000079,18.659485006973068,0.2789316475391388
module.basic_model.model.6.0.weight,0.8500000000000001,2.188000000000001,6.333999999999995,7.288969937838278,0.034000000000000696,0.09599999999999609,14.126374589123184,0.2789316475391388
module.basic_model.model.6.0.weight,0.9,0.18799999999999928,1.0739999999999972,10.380049651830674,0.06599999999999939,0.14600000000000168,13.397410397642458,0.2789316475391388
module.basic_model.model.6.3.weight,0.0,69.57,89.072,1.2836479661331996,0.19400000000000528,2.314000000000005,28.751074666177608,0.2678973972797394
module.basic_model.model.6.3.weight,0.05,69.57,89.072,1.2836479661331996,0.20200000000000218,2.2580000000000044,28.761041919466663,0.2678973972797394
module.basic_model.model.6.3.weight,0.1,69.57,89.072,1.2836479661331996,0.20400000000000418,2.2560000000000024,28.755202012724055,0.2678973972797394
module.basic_model.model.6.3.weight,0.15000000000000002,69.57,89.072,1.2836479661331996,0.19599999999999618,2.2460000000000035,28.75538341402626,0.2678973972797394
module.basic_model.model.6.3.weight,0.2,69.57,89.072,1.2836479661331996,0.20400000000000418,2.2639999999999993,28.763933499959215,0.2678973972797394
module.basic_model.model.6.3.weight,0.25,69.57,89.072,1.2836479665908174,0.19400000000000528,2.2619999999999973,28.75473994622993,0.2678973972797394
module.basic_model.model.6.3.weight,0.30000000000000004,69.57,89.072,1.2836479704042911,0.20200000000000218,2.281999999999995,28.770802550337233,0.2678973972797394
module.basic_model.model.6.3.weight,0.35000000000000003,69.574,89.076,1.2836653591727722,0.19799999999999818,2.2619999999999973,28.76738109271341,0.2678973972797394
module.basic_model.model.6.3.weight,0.4,69.56400000000001,89.068,1.28436269461918,0.20000000000000018,2.2639999999999993,28.835218866437323,0.2678973972797394
module.basic_model.model.6.3.weight,0.45,69.484,89.054,1.28590841603752,0.20200000000000218,2.2719999999999962,28.92079421303932,0.2678973972797394
module.basic_model.model.6.3.weight,0.5,69.448,89.074,1.2858644260173413,0.19799999999999818,2.3340000000000027,28.727767004085052,0.2678973972797394
module.basic_model.model.6.3.weight,0.55,69.286,88.908,1.2925010299118216,0.18399999999999528,2.1179999999999977,28.713014048639224,0.2678973972797394
module.basic_model.model.6.3.weight,0.6000000000000001,69.00800000000001,88.542,1.3036390958653,0.20799999999999708,2.1220000000000017,27.210874931215876,0.2678973972797394
module.basic_model.model.6.3.weight,0.65,68.352,88.212,1.325074563023375,0.20999999999999908,2.061999999999997,26.777613226450626,0.2678973972797394
module.basic_model.model.6.3.weight,0.7000000000000001,67.674,87.874,1.3569694281539624,0.19200000000000328,1.8859999999999988,26.769035798803177,0.2678973972797394
module.basic_model.model.6.3.weight,0.75,65.022,86.084,1.4762915875083427,0.15399999999999858,1.4480000000000048,26.760140101419957,0.2678973972797394
module.basic_model.model.6.3.weight,0.8,59.264,81.56400000000001,1.7750647709831864,0.14399999999999968,1.1619999999999964,25.23608909748488,0.2678973972797394
module.basic_model.model.6.3.weight,0.8500000000000001,54.583999999999996,77.972,2.0227075014370652,0.12400000000000189,1.0199999999999987,24.58001996917138,0.2678973972797394
module.basic_model.model.6.3.weight,0.9,37.40599999999999,61.56399999999999,3.1494441538839406,0.07000000000000339,0.43999999999999595,23.085525392189442,0.2678973972797394
module.basic_model.model.7.0.weight,0.0,69.57,89.072,1.2836479661331996,0.19799999999999818,2.2599999999999953,28.748209911817472,0.34114381670951843
module.basic_model.model.7.0.weight,0.05,69.57,89.072,1.2836479661331996,0.20200000000000218,2.2560000000000024,28.75727881335788,0.34114381670951843
module.basic_model.model.7.0.weight,0.1,69.57,89.072,1.2836479661331996,0.20000000000000018,2.2700000000000053,28.75895985837025,0.34114381670951843
module.basic_model.model.7.0.weight,0.15000000000000002,69.576,89.072,1.283638419474993,0.20000000000000018,2.2760000000000002,28.762371913180203,0.34114381670951843
module.basic_model.model.7.0.weight,0.2,69.594,89.038,1.2841444799935136,0.20000000000000018,2.2680000000000033,28.792378943620882,0.34114381670951843
module.basic_model.model.7.0.weight,0.25,69.508,88.964,1.2879498965146818,0.20599999999999508,2.2660000000000013,28.779709838554826,0.34114381670951843
module.basic_model.model.7.0.weight,0.30000000000000004,69.28,88.86,1.3024982916035108,0.18399999999999528,2.212000000000003,29.860229138907037,0.34114381670951843
module.basic_model.model.7.0.weight,0.35000000000000003,68.536,88.31,1.3402941111029514,0.17800000000000038,2.070000000000005,30.32421156601961,0.34114381670951843
module.basic_model.model.7.0.weight,0.4,66.806,87.202,1.4496128690677499,0.13999999999999568,1.748000000000005,32.6180579843844,0.34114381670951843
module.basic_model.model.7.0.weight,0.45,64.142,85.206,1.6136038472693632,0.14800000000000368,1.4820000000000055,34.18911520273966,0.34114381670951843
module.basic_model.model.7.0.weight,0.5,60.711999999999996,82.92399999999999,1.8246223307616873,0.08799999999999919,1.195999999999997,36.556263354369236,0.34114381670951843
module.basic_model.model.7.0.weight,0.55,58.245999999999995,81.008,2.012294167215366,0.07200000000000539,1.0140000000000038,38.592379933660446,0.34114381670951843
module.basic_model.model.7.0.weight,0.6000000000000001,55.052,78.534,2.2279585121689336,0.06199999999999539,0.9159999999999946,39.83625927569382,0.34114381670951843
module.basic_model.model.7.0.weight,0.65,51.56,75.582,2.465407651430204,0.056000000000000494,0.8299999999999974,38.934746235818785,0.34114381670951843
module.basic_model.model.7.0.weight,0.7000000000000001,44.798,69.42999999999999,2.973366144522603,0.039999999999995595,0.6079999999999974,40.09575683950078,0.34114381670951843
module.basic_model.model.7.0.weight,0.75,36.426,60.416000000000004,3.6623829380488164,0.021999999999999797,0.45600000000000085,38.01777588947413,0.34114381670951843
module.basic_model.model.7.0.weight,0.8,27.918,50.532,4.51479613376747,0.0380000000000047,0.38399999999999546,38.32271521013665,0.34114381670951843
module.basic_model.model.7.0.weight,0.8500000000000001,23.944,45.486000000000004,4.87579418639685,0.017999999999995797,0.36800000000000166,34.13767596932457,0.34114381670951843
module.basic_model.model.7.0.weight,0.9,10.009999999999996,22.909999999999997,7.170873842480388,0.017999999999995797,0.18399999999999528,27.313416079535205,0.34114381670951843
module.basic_model.model.7.3.weight,0.0,69.57,89.072,1.2836479661331996,0.20599999999999508,2.288000000000001,28.75779735347968,0.2702777087688446
module.basic_model.model.7.3.weight,0.05,69.57,89.072,1.2836479661331996,0.18799999999999928,2.2660000000000013,28.750868411683467,0.2702777087688446
module.basic_model.model.7.3.weight,0.1,69.57,89.072,1.2836479661331996,0.20000000000000018,2.2560000000000024,28.760477916597953,0.2702777087688446
module.basic_model.model.7.3.weight,0.15000000000000002,69.57,89.072,1.2836479661331996,0.19799999999999818,2.2739999999999982,28.761596582977774,0.2702777087688446
module.basic_model.model.7.3.weight,0.2,69.57,89.072,1.2836479661331996,0.20400000000000418,2.2399999999999975,28.758987772716427,0.2702777087688446
module.basic_model.model.7.3.weight,0.25,69.57,89.072,1.2836479688026317,0.19799999999999818,2.281999999999995,28.745790577361955,0.2702777087688446
module.basic_model.model.7.3.weight,0.30000000000000004,69.57,89.072,1.283647735455978,0.20200000000000218,2.2760000000000002,28.754778467838527,0.2702777087688446
module.basic_model.model.7.3.weight,0.35000000000000003,69.572,89.064,1.2836926009360594,0.20000000000000018,2.2560000000000024,28.78451669635636,0.2702777087688446
module.basic_model.model.7.3.weight,0.4,69.596,89.022,1.2852309524288414,0.19200000000000328,2.2540000000000004,28.900784807333324,0.2702777087688446
module.basic_model.model.7.3.weight,0.45,69.39800000000001,89.018,1.2855678079453186,0.19599999999999618,2.2560000000000024,28.74361809323555,0.2702777087688446
module.basic_model.model.7.3.weight,0.5,69.314,88.984,1.2911531415339534,0.19599999999999618,2.2279999999999966,29.005426387335355,0.2702777087688446
module.basic_model.model.7.3.weight,0.55,69.15599999999999,88.81400000000001,1.3034868658694847,0.18000000000000238,2.061999999999997,29.05885583532219,0.2702777087688446
module.basic_model.model.7.3.weight,0.6000000000000001,68.726,88.52799999999999,1.3204120160750807,0.17200000000000548,1.976,29.08730050317004,0.2702777087688446
module.basic_model.model.7.3.weight,0.65,68.19999999999999,88.16199999999999,1.3456715434236701,0.18200000000000438,1.9379999999999953,28.819453058224553,0.2702777087688446
module.basic_model.model.7.3.weight,0.7000000000000001,66.83,87.42,1.406982256789585,0.16599999999999948,1.7299999999999982,29.692041516075214,0.2702777087688446
module.basic_model.model.7.3.weight,0.75,65.03399999999999,86.09,1.5083487055962193,0.16399999999999748,1.763999999999999,29.726929119132013,0.2702777087688446
module.basic_model.model.7.3.weight,0.8,61.528000000000006,83.86,1.673717651242107,0.11999999999999789,1.2199999999999989,30.909925333902912,0.2702777087688446
module.basic_model.model.7.3.weight,0.8500000000000001,53.564,77.292,2.140071770699452,0.08799999999999919,0.763999999999998,32.2202976712491,0.2702777087688446
module.basic_model.model.7.3.weight,0.9,39.288000000000004,63.574,3.175262509975688,0.048000000000003595,0.48799999999999955,33.304876350090424,0.2702777087688446
module.basic_model.model.8.0.weight,0.0,69.57,89.072,1.2836479661331996,0.19799999999999818,2.2560000000000024,28.760396712724777,0.3482493758201599
module.basic_model.model.8.0.weight,0.05,69.57,89.072,1.2836479661331996,0.19400000000000528,2.2680000000000033,28.758293708928154,0.3482493758201599
module.basic_model.model.8.0.weight,0.1,69.57,89.072,1.2836479661331996,0.19799999999999818,2.2639999999999993,28.750777568865917,0.3482493758201599
module.basic_model.model.8.0.weight,0.15000000000000002,69.57,89.072,1.2836479661331996,0.19799999999999818,2.2599999999999953,28.761450879175676,0.3482493758201599
module.basic_model.model.8.0.weight,0.2,69.56800000000001,89.072,1.2836459978070687,0.19000000000000128,2.2560000000000024,28.760055471214088,0.3482493758201599
module.basic_model.model.8.0.weight,0.25,69.56,89.084,1.2838703815325352,0.20200000000000218,2.2419999999999995,28.755384850944328,0.3482493758201599
module.basic_model.model.8.0.weight,0.30000000000000004,69.49600000000001,89.086,1.2860176811520299,0.18599999999999728,2.212000000000003,28.847380121320192,0.3482493758201599
module.basic_model.model.8.0.weight,0.35000000000000003,69.37,88.984,1.291036217699275,0.17599999999999838,2.1379999999999955,29.35844117711924,0.3482493758201599
module.basic_model.model.8.0.weight,0.4,69.114,88.616,1.3118133937709997,0.14999999999999458,1.9179999999999975,30.48815639493407,0.3482493758201599
module.basic_model.model.8.0.weight,0.45,68.358,88.264,1.3385298411509057,0.17000000000000348,1.7859999999999987,30.354306258838008,0.3482493758201599
module.basic_model.model.8.0.weight,0.5,66.702,87.406,1.4000128406557015,0.14199999999999768,1.5499999999999958,31.083978244149353,0.3482493758201599
module.basic_model.model.8.0.weight,0.55,63.6,85.256,1.5646660539559352,0.11400000000000299,1.0539999999999994,34.525825529775815,0.3482493758201599
module.basic_model.model.8.0.weight,0.6000000000000001,58.632,81.712,1.842693106951198,0.08399999999999519,0.761999999999996,37.77916463399189,0.3482493758201599
module.basic_model.model.8.0.weight,0.65,50.29,74.576,2.417752510068973,0.053999999999998494,0.5240000000000022,41.62364564213477,0.3482493758201599
module.basic_model.model.8.0.weight,0.7000000000000001,42.290000000000006,66.268,3.0189786991551317,0.048000000000003595,0.31600000000000517,38.92801291318713,0.3482493758201599
module.basic_model.model.8.0.weight,0.75,31.054000000000002,53.596,4.074299978737028,0.041999999999997595,0.24399999999999977,39.00426314385067,0.3482493758201599
module.basic_model.model.8.0.weight,0.8,14.744000000000002,30.806,6.084880293674074,0.029999999999996696,0.15199999999999658,31.680930029636592,0.3482493758201599
module.basic_model.model.8.0.weight,0.8500000000000001,2.9900000000000038,8.323999999999998,9.895894480910895,0.029999999999996696,0.10999999999999899,29.417131852890098,0.3482493758201599
module.basic_model.model.8.0.weight,0.9,1.1340000000000017,3.710000000000002,15.479388030309071,0.021999999999999797,0.10999999999999899,38.563319564399514,0.3482493758201599
module.basic_model.model.8.3.weight,0.0,69.57,89.072,1.2836479661331996,0.19200000000000328,2.2540000000000004,28.7579330327186,0.24121765792369843
module.basic_model.model.8.3.weight,0.05,69.57,89.072,1.2836479661331996,0.19599999999999618,2.2519999999999984,28.75148309840654,0.24121765792369843
module.basic_model.model.8.3.weight,0.1,69.57,89.072,1.2836479661331996,0.19599999999999618,2.2460000000000035,28.76326281705574,0.24121765792369843
module.basic_model.model.8.3.weight,0.15000000000000002,69.57,89.072,1.2836479661331996,0.20200000000000218,2.2519999999999984,28.764095649304327,0.24121765792369843
module.basic_model.model.8.3.weight,0.2,69.57,89.072,1.2836479661331996,0.20000000000000018,2.2499999999999964,28.748875633234842,0.24121765792369843
module.basic_model.model.8.3.weight,0.25,69.57,89.072,1.2836479661331996,0.19799999999999818,2.2780000000000022,28.772939929120163,0.24121765792369843
module.basic_model.model.8.3.weight,0.30000000000000004,69.57,89.072,1.2836479653705024,0.20000000000000018,2.2660000000000013,28.764425003749754,0.24121765792369843
module.basic_model.model.8.3.weight,0.35000000000000003,69.57,89.072,1.2836479463793882,0.20599999999999508,2.2519999999999984,28.7593424269883,0.24121765792369843
module.basic_model.model.8.3.weight,0.4,69.57,89.072,1.283647926625579,0.20400000000000418,2.2680000000000033,28.761722479885503,0.24121765792369843
module.basic_model.model.8.3.weight,0.45,69.578,89.07000000000001,1.2836314707098284,0.20000000000000018,2.2760000000000002,28.773120454848026,0.24121765792369843
module.basic_model.model.8.3.weight,0.5,69.51,89.092,1.2842797683128842,0.20000000000000018,2.2719999999999962,28.726331475295066,0.24121765792369843
module.basic_model.model.8.3.weight,0.55,69.428,89.016,1.2865611344137329,0.19400000000000528,2.2480000000000055,28.61476112800154,0.24121765792369843
module.basic_model.model.8.3.weight,0.6000000000000001,69.116,88.848,1.3032859833440333,0.17800000000000038,2.068000000000003,29.183494794849214,0.24121765792369843
module.basic_model.model.8.3.weight,0.65,68.64,88.49000000000001,1.3260030861245642,0.15399999999999858,1.756000000000002,29.77402667425721,0.24121765792369843
module.basic_model.model.8.3.weight,0.7000000000000001,67.25,87.644,1.3875418412174385,0.13999999999999568,1.5519999999999978,29.818225468265165,0.24121765792369843
module.basic_model.model.8.3.weight,0.75,64.462,85.648,1.5045240447068178,0.11799999999999589,1.1140000000000039,28.005680255072292,0.24121765792369843
module.basic_model.model.8.3.weight,0.8,54.394,78.14999999999999,2.0071767575071147,0.04999999999999449,0.5160000000000053,28.512319656952908,0.24121765792369843
module.basic_model.model.8.3.weight,0.8500000000000001,40.44,64.73400000000001,2.940694409498252,0.039999999999995595,0.39400000000000546,28.7422330316945,0.24121765792369843
module.basic_model.model.8.3.weight,0.9,13.304000000000006,28.903999999999996,5.765260865615096,0.021999999999999797,0.18000000000000238,23.281287821759342,0.24121765792369843
module.basic_model.model.9.0.weight,0.0,69.57,89.072,1.2836479661331996,0.19599999999999618,2.2599999999999953,28.771163594471076,0.3455445468425751
module.basic_model.model.9.0.weight,0.05,69.57,89.072,1.2836479661331996,0.20000000000000018,2.2379999999999955,28.762103513960454,0.3455445468425751
module.basic_model.model.9.0.weight,0.1,69.57,89.072,1.2836479661331996,0.19799999999999818,2.2580000000000044,28.756269293874773,0.3455445468425751
module.basic_model.model.9.0.weight,0.15000000000000002,69.57,89.072,1.2836479661331996,0.20599999999999508,2.2419999999999995,28.76043177200145,0.3455445468425751
module.basic_model.model.9.0.weight,0.2,69.57,89.072,1.2836479661331996,0.20000000000000018,2.2379999999999955,28.772048509662454,0.3455445468425751
module.basic_model.model.9.0.weight,0.25,69.56800000000001,89.072,1.2836481262610941,0.19799999999999818,2.2760000000000002,28.751816625711005,0.3455445468425751
module.basic_model.model.9.0.weight,0.30000000000000004,69.572,89.076,1.2836753482705716,0.19400000000000528,2.2760000000000002,28.754125936780298,0.3455445468425751
module.basic_model.model.9.0.weight,0.35000000000000003,69.574,89.09,1.2831970353730584,0.19799999999999818,2.2760000000000002,28.649728793939225,0.3455445468425751
module.basic_model.model.9.0.weight,0.4,69.47,89.01400000000001,1.2852262377128811,0.19799999999999818,2.2739999999999982,28.757159122655,0.3455445468425751
module.basic_model.model.9.0.weight,0.45,69.336,88.878,1.2945487357375736,0.18599999999999728,2.2340000000000027,28.298621879353057,0.3455445468425751
module.basic_model.model.9.0.weight,0.5,68.43,88.26,1.3279251254146398,0.17200000000000548,2.1580000000000044,28.30664873458756,0.3455445468425751
module.basic_model.model.9.0.weight,0.55,66.722,87.26,1.4033954025687747,0.14399999999999968,1.968000000000003,28.55954565974432,0.3455445468425751
module.basic_model.model.9.0.weight,0.6000000000000001,63.79,85.44,1.5453771977415458,0.13199999999999878,1.6800000000000037,28.755920457748413,0.3455445468425751
module.basic_model.model.9.0.weight,0.65,59.21000000000001,82.224,1.7695372730436347,0.10200000000000209,1.1059999999999959,29.95124606604153,0.3455445468425751
module.basic_model.model.9.0.weight,0.7000000000000001,56.162,79.78,1.932556596842623,0.09400000000000519,0.9020000000000028,29.18203368434062,0.3455445468425751
module.basic_model.model.9.0.weight,0.75,45.577999999999996,70.24000000000001,2.5884908870558485,0.06399999999999739,0.5739999999999967,28.83342284753545,0.3455445468425751
module.basic_model.model.9.0.weight,0.8,33.302,57.238,3.4589213355565387,0.039999999999995595,0.31200000000000117,27.946646688538177,0.3455445468425751
module.basic_model.model.9.0.weight,0.8500000000000001,12.673999999999996,28.6,6.646926322657557,0.0160000000000049,0.14399999999999968,33.63519938634289,0.3455445468425751
module.basic_model.model.9.0.weight,0.9,4.198000000000002,11.914000000000001,10.284470111379536,0.004000000000004,0.060000000000004494,35.280976877560256,0.3455445468425751
module.basic_model.model.9.3.weight,0.0,69.57,89.072,1.2836479661331996,0.19799999999999818,2.2780000000000022,28.761393412213575,0.23465736210346222
module.basic_model.model.9.3.weight,0.05,69.57,89.072,1.2836479661331996,0.19599999999999618,2.2580000000000044,28.750408839813364,0.23465736210346222
module.basic_model.model.9.3.weight,0.1,69.57,89.072,1.2836479661331996,0.20400000000000418,2.2580000000000044,28.75510769598156,0.23465736210346222
module.basic_model.model.9.3.weight,0.15000000000000002,69.57,89.072,1.2836479661331996,0.20400000000000418,2.2700000000000053,28.75817412195185,0.23465736210346222
module.basic_model.model.9.3.weight,0.2,69.57,89.072,1.2836479661331996,0.19599999999999618,2.2780000000000022,28.75939611982857,0.23465736210346222
module.basic_model.model.9.3.weight,0.25,69.57,89.072,1.2836479661331996,0.19599999999999618,2.2800000000000042,28.752857010256204,0.23465736210346222
module.basic_model.model.9.3.weight,0.30000000000000004,69.57,89.072,1.2836479657518511,0.20000000000000018,2.2540000000000004,28.764900911639923,0.23465736210346222
module.basic_model.model.9.3.weight,0.35000000000000003,69.57,89.072,1.2836479864971644,0.19599999999999618,2.2660000000000013,28.752830775060186,0.23465736210346222
module.basic_model.model.9.3.weight,0.4,69.57,89.072,1.2836479495445756,0.20200000000000218,2.2680000000000033,28.767636145984053,0.23465736210346222
module.basic_model.model.9.3.weight,0.45,69.56599999999999,89.072,1.2836522191896373,0.19799999999999818,2.2719999999999962,28.758440300812783,0.23465736210346222
module.basic_model.model.9.3.weight,0.5,69.554,89.056,1.2838481833594628,0.19599999999999618,2.2540000000000004,28.74047087585781,0.23465736210346222
module.basic_model.model.9.3.weight,0.55,69.616,89.042,1.2871958742291223,0.20200000000000218,2.3259999999999947,28.664978939222355,0.23465736210346222
module.basic_model.model.9.3.weight,0.6000000000000001,69.316,88.89,1.3039450112322712,0.18000000000000238,2.200000000000002,29.18816532603611,0.23465736210346222
module.basic_model.model.9.3.weight,0.65,68.7,88.42999999999999,1.32801141722875,0.14800000000000368,1.9399999999999973,28.732185557189066,0.23465736210346222
module.basic_model.model.9.3.weight,0.7000000000000001,66.934,87.254,1.4150343721902903,0.14800000000000368,1.9079999999999986,28.815699670075276,0.23465736210346222
module.basic_model.model.9.3.weight,0.75,62.64000000000001,84.39,1.6321178419957618,0.13600000000000279,1.4440000000000008,28.107692267600346,0.23465736210346222
module.basic_model.model.9.3.weight,0.8,54.14399999999999,77.67999999999999,2.0820515295746875,0.058000000000002494,0.7079999999999975,26.490021368211018,0.23465736210346222
module.basic_model.model.9.3.weight,0.8500000000000001,28.261999999999997,49.992000000000004,3.9847795926677976,0.009999999999998899,0.16000000000000458,26.335417517468667,0.23465736210346222
module.basic_model.model.9.3.weight,0.9,4.4819999999999975,12.451999999999996,7.729269249730583,0.0,0.07800000000000029,27.46828669000723,0.23465736210346222
module.basic_model.model.10.0.weight,0.0,69.57,89.072,1.2836479661331996,0.19200000000000328,2.2519999999999984,28.751933758638657,0.3268216550350189
module.basic_model.model.10.0.weight,0.05,69.57,89.072,1.2836479661331996,0.19799999999999818,2.2760000000000002,28.769986241731736,0.3268216550350189
module.basic_model.model.10.0.weight,0.1,69.57,89.072,1.2836479661331996,0.19599999999999618,2.2560000000000024,28.759679071886463,0.3268216550350189
module.basic_model.model.10.0.weight,0.15000000000000002,69.57,89.072,1.2836479661331996,0.19799999999999818,2.2580000000000044,28.75968360839863,0.3268216550350189
module.basic_model.model.10.0.weight,0.2,69.57,89.072,1.2836480297419952,0.19599999999999618,2.2519999999999984,28.76036395221205,0.3268216550350189
module.basic_model.model.10.0.weight,0.25,69.56400000000001,89.078,1.2837116622573979,0.19599999999999618,2.2480000000000055,28.757630370781367,0.3268216550350189
module.basic_model.model.10.0.weight,0.30000000000000004,69.532,89.05199999999999,1.2843574854477953,0.20400000000000418,2.2580000000000044,28.76209356475164,0.3268216550350189
module.basic_model.model.10.0.weight,0.35000000000000003,69.532,89.046,1.2851473464846852,0.20999999999999908,2.2719999999999962,28.47313176159362,0.3268216550350189
module.basic_model.model.10.0.weight,0.4,69.22,88.884,1.2998274474745,0.20000000000000018,2.288000000000001,28.718249705992516,0.3268216550350189
module.basic_model.model.10.0.weight,0.45,67.85,87.868,1.3819360952307143,0.20400000000000418,2.2440000000000015,29.300609444016,0.3268216550350189
module.basic_model.model.10.0.weight,0.5,66.356,87.14999999999999,1.4614183948883557,0.18799999999999928,2.203999999999995,30.592199833821738,0.3268216550350189
module.basic_model.model.10.0.weight,0.55,61.812,84.002,1.7069361244572046,0.15600000000000058,1.7159999999999953,31.42785692916643,0.3268216550350189
module.basic_model.model.10.0.weight,0.6000000000000001,59.58399999999999,82.216,1.824069652394157,0.12999999999999678,1.3859999999999983,31.01400022268754,0.3268216550350189
module.basic_model.model.10.0.weight,0.65,53.976,78.10000000000001,2.1437834414700534,0.10000000000000009,1.0220000000000007,31.695217789706735,0.3268216550350189
module.basic_model.model.10.0.weight,0.7000000000000001,48.342,73.00999999999999,2.467435387297461,0.07800000000000029,0.7279999999999953,28.28458761360427,0.3268216550350189
module.basic_model.model.10.0.weight,0.75,41.693999999999996,67.094,2.8308595764431077,0.06199999999999539,0.5199999999999982,26.201308217478818,0.3268216550350189
module.basic_model.model.10.0.weight,0.8,32.358,56.548,3.4624573669979664,0.027999999999994696,0.35600000000000076,25.25631298899885,0.3268216550350189
module.basic_model.model.10.0.weight,0.8500000000000001,16.459999999999997,34.758,4.783703339077005,0.014000000000002899,0.18599999999999728,22.1409721813824,0.3268216550350189
module.basic_model.model.10.0.weight,0.9,6.155999999999995,16.213999999999995,6.408907595118575,0.009999999999998899,0.12799999999999478,21.928353637895437,0.3268216550350189
module.basic_model.model.10.3.weight,0.0,69.57,89.072,1.2836479661331996,0.20000000000000018,2.2480000000000055,28.756615108507063,0.2503063380718231
module.basic_model.model.10.3.weight,0.05,69.57,89.072,1.2836479661331996,0.20200000000000218,2.2739999999999982,28.756548015718934,0.2503063380718231
module.basic_model.model.10.3.weight,0.1,69.57,89.072,1.2836479661331996,0.19400000000000528,2.2800000000000042,28.758994166239425,0.2503063380718231
module.basic_model.model.10.3.weight,0.15000000000000002,69.57,89.072,1.2836479661331996,0.20000000000000018,2.2780000000000022,28.74797924649461,0.2503063380718231
module.basic_model.model.10.3.weight,0.2,69.57,89.072,1.2836479661331996,0.20200000000000218,2.2580000000000044,28.756951936147036,0.2503063380718231
module.basic_model.model.10.3.weight,0.25,69.57,89.072,1.2836479397058,0.19599999999999618,2.2700000000000053,28.75417035615988,0.2503063380718231
module.basic_model.model.10.3.weight,0.30000000000000004,69.57,89.072,1.2836479565995091,0.20000000000000018,2.2660000000000013,28.75217610296344,0.2503063380718231
module.basic_model.model.10.3.weight,0.35000000000000003,69.57,89.072,1.2836479738745539,0.20599999999999508,2.2599999999999953,28.75749317713448,0.2503063380718231
module.basic_model.model.10.3.weight,0.4,69.572,89.072,1.2836013382928764,0.19599999999999618,2.2719999999999962,28.761899047224336,0.2503063380718231
module.basic_model.model.10.3.weight,0.45,69.56599999999999,89.06,1.2845724397413398,0.19599999999999618,2.2739999999999982,28.840016721382597,0.2503063380718231
module.basic_model.model.10.3.weight,0.5,69.372,89.01400000000001,1.2958221945790105,0.17399999999999638,2.188000000000001,29.011034888635468,0.2503063380718231
module.basic_model.model.10.3.weight,0.55,68.698,88.454,1.3320191275669215,0.16800000000000148,2.0179999999999976,29.466466602879454,0.2503063380718231
module.basic_model.model.10.3.weight,0.6000000000000001,67.534,87.67399999999999,1.3909322443636893,0.16800000000000148,1.866000000000001,29.519279501946077,0.2503063380718231
module.basic_model.model.10.3.weight,0.65,64.70400000000001,85.896,1.516085970500916,0.13400000000000079,1.4920000000000044,29.113599194522365,0.2503063380718231
module.basic_model.model.10.3.weight,0.7000000000000001,59.548,82.14399999999999,1.7585885594536388,0.10999999999999899,1.1260000000000048,28.022718055539592,0.2503063380718231
module.basic_model.model.10.3.weight,0.75,50.526,74.402,2.255352716070678,0.06199999999999539,0.6079999999999974,25.692599144030762,0.2503063380718231
module.basic_model.model.10.3.weight,0.8,37.922,62.89,2.9771770062312353,0.043999999999999595,0.29400000000000537,23.030994026613627,0.2503063380718231
module.basic_model.model.10.3.weight,0.8500000000000001,12.443999999999999,28.242,5.424804733185458,0.024000000000001798,0.11600000000000499,22.075258517982267,0.2503063380718231
module.basic_model.model.10.3.weight,0.9,3.2499999999999973,9.641999999999996,7.216777502193854,0.005999999999994898,0.056000000000000494,19.369427385043355,0.2503063380718231
module.basic_model.model.11.0.weight,0.0,69.57,89.072,1.2836479661331996,0.20200000000000218,2.2540000000000004,28.772364034304886,0.2842199206352234
module.basic_model.model.11.0.weight,0.05,69.57,89.072,1.2836479661331996,0.19200000000000328,2.2560000000000024,28.758833882752235,0.2842199206352234
module.basic_model.model.11.0.weight,0.1,69.57,89.072,1.2836479661331996,0.20000000000000018,2.281999999999995,28.761666056290714,0.2842199206352234
module.basic_model.model.11.0.weight,0.15000000000000002,69.57,89.072,1.2836479661331996,0.19400000000000528,2.293999999999996,28.761280250793405,0.2842199206352234
module.basic_model.model.11.0.weight,0.2,69.56800000000001,89.072,1.2836346503106446,0.20200000000000218,2.2580000000000044,28.76200954805792,0.2842199206352234
module.basic_model.model.11.0.weight,0.25,69.556,89.078,1.2833074289716655,0.20000000000000018,2.2499999999999964,28.760827849480236,0.2842199206352234
module.basic_model.model.11.0.weight,0.30000000000000004,69.576,89.068,1.2811376687356166,0.19599999999999618,2.2279999999999966,28.582999935992202,0.2842199206352234
module.basic_model.model.11.0.weight,0.35000000000000003,69.41,89.006,1.2895648964917283,0.19400000000000528,2.2660000000000013,28.649721627653385,0.2842199206352234
module.basic_model.model.11.0.weight,0.4,69.27799999999999,88.902,1.2956117961319755,0.18000000000000238,2.195999999999998,28.31410469523778,0.2842199206352234
module.basic_model.model.11.0.weight,0.45,68.97,88.66000000000001,1.3046604597408362,0.18000000000000238,2.1279999999999966,28.0527345903852,0.2842199206352234
module.basic_model.model.11.0.weight,0.5,68.142,88.13,1.3398697993271789,0.16000000000000458,1.8920000000000048,27.769607886548112,0.2842199206352234
module.basic_model.model.11.0.weight,0.55,66.63799999999999,87.31,1.4010696253636228,0.15399999999999858,1.6079999999999983,27.64751911224344,0.2842199206352234
module.basic_model.model.11.0.weight,0.6000000000000001,64.55,85.82799999999999,1.4858828342578676,0.10799999999999699,1.1199999999999988,25.853749253241897,0.2842199206352234
module.basic_model.model.11.0.weight,0.65,60.766,83.284,1.6829745227987003,0.09200000000000319,0.8979999999999988,26.2391790712177,0.2842199206352234
module.basic_model.model.11.0.weight,0.7000000000000001,54.18000000000001,78.212,2.0130680543218595,0.04999999999999449,0.5519999999999969,24.858868309723885,0.2842199206352234
module.basic_model.model.11.0.weight,0.75,40.81399999999999,65.85,2.8052366915148768,0.026000000000003798,0.31999999999999806,24.232874788539327,0.2842199206352234
module.basic_model.model.11.0.weight,0.8,19.648,40.428,5.000986720839922,0.0160000000000049,0.28399999999999537,31.257353004704516,0.2842199206352234
module.basic_model.model.11.0.weight,0.8500000000000001,2.493999999999996,7.66,11.38769186374398,0.012000000000000899,0.23800000000000487,38.50677057633554,0.2842199206352234
module.basic_model.model.11.0.weight,0.9,0.7140000000000035,2.4560000000000026,16.791845758222117,0.014000000000002899,0.17200000000000548,38.06259390915806,0.2842199206352234
module.basic_model.model.11.3.weight,0.0,69.57,89.072,1.2836479661331996,0.20000000000000018,2.2419999999999995,28.76921111440627,0.26346251368522644
module.basic_model.model.11.3.weight,0.05,69.57,89.072,1.2836479661331996,0.20200000000000218,2.2519999999999984,28.757097820250227,0.26346251368522644
module.basic_model.model.11.3.weight,0.1,69.57,89.072,1.2836479661331996,0.20400000000000418,2.2279999999999966,28.757786788623097,0.26346251368522644
module.basic_model.model.11.3.weight,0.15000000000000002,69.57,89.072,1.2836479661331996,0.19000000000000128,2.2780000000000022,28.75807675930912,0.26346251368522644
module.basic_model.model.11.3.weight,0.2,69.57,89.072,1.2836479661331996,0.19000000000000128,2.2639999999999993,28.756507051044437,0.26346251368522644
module.basic_model.model.11.3.weight,0.25,69.57,89.072,1.2836479423752347,0.19400000000000528,2.2580000000000044,28.749284664332226,0.26346251368522644
module.basic_model.model.11.3.weight,0.30000000000000004,69.57,89.072,1.2836477280578353,0.20000000000000018,2.2560000000000024,28.757925613828014,0.26346251368522644
module.basic_model.model.11.3.weight,0.35000000000000003,69.586,89.072,1.2835975801876087,0.20000000000000018,2.2680000000000033,28.7555044757504,0.26346251368522644
module.basic_model.model.11.3.weight,0.4,69.56,89.09,1.2832445313514085,0.19400000000000528,2.2399999999999975,28.697830206907074,0.26346251368522644
module.basic_model.model.11.3.weight,0.45,69.272,88.934,1.296603288699324,0.17800000000000038,2.1599999999999953,28.466697567178876,0.26346251368522644
module.basic_model.model.11.3.weight,0.5,68.476,88.486,1.313716104720084,0.16199999999999548,1.9499999999999962,27.621427057648173,0.26346251368522644
module.basic_model.model.11.3.weight,0.55,66.916,87.48,1.397181813334016,0.14199999999999768,1.6700000000000048,28.272415596174287,0.26346251368522644
module.basic_model.model.11.3.weight,0.6000000000000001,63.968,85.33,1.5585022393664105,0.11600000000000499,1.4920000000000044,28.221881685848807,0.26346251368522644
module.basic_model.model.11.3.weight,0.65,57.87800000000001,80.84,1.895575037997119,0.09400000000000519,1.1279999999999957,27.975919880320895,0.26346251368522644
module.basic_model.model.11.3.weight,0.7000000000000001,45.806000000000004,70.388,2.6575917342650337,0.053999999999998494,0.6040000000000045,26.4369689455722,0.26346251368522644
module.basic_model.model.11.3.weight,0.75,27.817999999999998,50.63999999999999,3.8629949344935803,0.031999999999998696,0.19200000000000328,23.023344520110054,0.26346251368522644
module.basic_model.model.11.3.weight,0.8,12.953999999999999,29.262,5.6598238263157565,0.014000000000002899,0.14399999999999968,24.053845134059088,0.26346251368522644
module.basic_model.model.11.3.weight,0.8500000000000001,4.559999999999997,13.522,6.317871013133106,0.0160000000000049,0.09799999999999809,18.47002787629683,0.26346251368522644
module.basic_model.model.11.3.weight,0.9,1.3939999999999952,4.815999999999998,8.235007603353038,0.002000000000002,0.036000000000002697,21.56414270278974,0.26346251368522644
module.basic_model.model.12.0.weight,0.0,69.57,89.072,1.2836479661331996,0.19599999999999618,2.2760000000000002,28.762701313387346,0.29767045378685
module.basic_model.model.12.0.weight,0.05,69.57,89.072,1.2836479661331996,0.19400000000000528,2.2719999999999962,28.74677452549896,0.29767045378685
module.basic_model.model.12.0.weight,0.1,69.57,89.072,1.2836479661331996,0.20200000000000218,2.292000000000005,28.756299924942027,0.29767045378685
module.basic_model.model.12.0.weight,0.15000000000000002,69.56800000000001,89.072,1.2836472895842521,0.20000000000000018,2.2560000000000024,28.761939216560066,0.29767045378685
module.basic_model.model.12.0.weight,0.2,69.58,89.064,1.2824367635614677,0.19599999999999618,2.2499999999999964,28.710045882851645,0.29767045378685
module.basic_model.model.12.0.weight,0.25,69.622,89.088,1.2847674972951508,0.19400000000000528,2.2460000000000035,28.661082270812013,0.29767045378685
module.basic_model.model.12.0.weight,0.30000000000000004,69.52199999999999,89.068,1.2930573765391042,0.20000000000000018,2.210000000000001,29.15369664471042,0.29767045378685
module.basic_model.model.12.0.weight,0.35000000000000003,69.326,88.912,1.2926710793320668,0.19200000000000328,2.1460000000000035,28.573671622224424,0.29767045378685
module.basic_model.model.12.0.weight,0.4,68.78800000000001,88.66000000000001,1.2967538469431106,0.17200000000000548,1.9279999999999964,27.581477419047136,0.29767045378685
module.basic_model.model.12.0.weight,0.45,68.03399999999999,88.244,1.312536970934498,0.17000000000000348,1.646000000000003,25.951882719002096,0.29767045378685
module.basic_model.model.12.0.weight,0.5,66.792,87.512,1.3693685523226549,0.17200000000000548,1.422000000000001,24.943848808835295,0.29767045378685
module.basic_model.model.12.0.weight,0.55,64.888,86.11999999999999,1.4605613835942486,0.16000000000000458,1.1440000000000006,23.640091302680112,0.29767045378685
module.basic_model.model.12.0.weight,0.6000000000000001,62.26199999999999,84.318,1.5835452609083545,0.13999999999999568,0.9739999999999971,23.095882101235894,0.29767045378685
module.basic_model.model.12.0.weight,0.65,58.943999999999996,81.856,1.759786024661076,0.12999999999999678,0.7360000000000033,20.708778090608142,0.29767045378685
module.basic_model.model.12.0.weight,0.7000000000000001,47.924,72.69399999999999,2.3552482336359173,0.09000000000000119,0.6020000000000025,21.916770451204677,0.29767045378685
module.basic_model.model.12.0.weight,0.75,26.686,48.726,3.7175366742749674,0.04999999999999449,0.26399999999999757,18.23669478196178,0.29767045378685
module.basic_model.model.12.0.weight,0.8,11.155999999999999,25.027999999999995,5.131928425451456,0.031999999999998696,0.17200000000000548,16.266313051308003,0.29767045378685
module.basic_model.model.12.0.weight,0.8500000000000001,3.2100000000000017,8.565999999999995,6.258749811068148,0.024000000000001798,0.11999999999999789,12.528054644645053,0.29767045378685
module.basic_model.model.12.0.weight,0.9,0.6800000000000028,2.3259999999999947,7.199625142933998,0.024000000000001798,0.10000000000000009,10.824279313200355,0.29767045378685
module.basic_model.model.12.3.weight,0.0,69.57,89.072,1.2836479661331996,0.20200000000000218,2.300000000000002,28.75883528123056,0.2137838751077652
module.basic_model.model.12.3.weight,0.05,69.57,89.072,1.2836479661331996,0.20200000000000218,2.290000000000003,28.764512554163808,0.2137838751077652
module.basic_model.model.12.3.weight,0.1,69.57,89.072,1.2836479661331996,0.20400000000000418,2.2540000000000004,28.763076261153078,0.2137838751077652
module.basic_model.model.12.3.weight,0.15000000000000002,69.57,89.072,1.2836479661331996,0.20000000000000018,2.2499999999999964,28.772139200551056,0.2137838751077652
module.basic_model.model.12.3.weight,0.2,69.57,89.072,1.2836479661331996,0.19599999999999618,2.285999999999999,28.74945255555326,0.2137838751077652
module.basic_model.model.12.3.weight,0.25,69.57,89.072,1.2836479661331996,0.20200000000000218,2.2680000000000033,28.765383761278446,0.2137838751077652
module.basic_model.model.12.3.weight,0.30000000000000004,69.57,89.072,1.2836479661331996,0.20200000000000218,2.2760000000000002,28.77054984128711,0.2137838751077652
module.basic_model.model.12.3.weight,0.35000000000000003,69.57,89.072,1.2836479661331996,0.20400000000000418,2.2599999999999953,28.77239465255885,0.2137838751077652
module.basic_model.model.12.3.weight,0.4,69.57,89.072,1.2836479684975515,0.20000000000000018,2.2619999999999973,28.76302965924434,0.2137838751077652
module.basic_model.model.12.3.weight,0.45,69.57,89.072,1.2836479879462868,0.20000000000000018,2.2580000000000044,28.769478068165636,0.2137838751077652
module.basic_model.model.12.3.weight,0.5,69.57,89.072,1.2836480303521496,0.20200000000000218,2.2480000000000055,28.752714327948265,0.2137838751077652
module.basic_model.model.12.3.weight,0.55,69.56800000000001,89.072,1.2834699587873832,0.19599999999999618,2.2599999999999953,28.748290545804633,0.2137838751077652
module.basic_model.model.12.3.weight,0.6000000000000001,69.556,89.04799999999999,1.2799666616600893,0.19799999999999818,2.2499999999999964,28.355937548348756,0.2137838751077652
module.basic_model.model.12.3.weight,0.65,68.774,88.618,1.3164586734481902,0.19400000000000528,2.102000000000004,27.833553151907417,0.2137838751077652
module.basic_model.model.12.3.weight,0.7000000000000001,66.934,87.37,1.4066059341509995,0.17800000000000038,1.8279999999999963,27.85310710460351,0.2137838751077652
module.basic_model.model.12.3.weight,0.75,58.318000000000005,81.596,1.790582608085982,0.11400000000000299,0.9000000000000008,24.63482227099681,0.2137838751077652
module.basic_model.model.12.3.weight,0.8,37.773999999999994,63.6,2.913909514363731,0.031999999999998696,0.40000000000000036,25.932756084093104,0.2137838751077652
module.basic_model.model.12.3.weight,0.8500000000000001,11.141999999999996,30.367999999999995,5.7077429668306925,0.002000000000002,0.14600000000000168,28.029635623412037,0.2137838751077652
module.basic_model.model.12.3.weight,0.9,2.9039999999999955,8.379999999999999,7.32893956447364,0.004000000000004,0.046000000000001595,19.58835048425372,0.2137838751077652
module.basic_model.model.13.0.weight,0.0,69.57,89.072,1.2836479661331996,0.20000000000000018,2.2700000000000053,28.770514472661233,0.1906115859746933
module.basic_model.model.13.0.weight,0.05,69.57,89.072,1.2836479661331996,0.19200000000000328,2.2480000000000055,28.75702353005827,0.1906115859746933
module.basic_model.model.13.0.weight,0.1,69.57,89.072,1.2836479661331996,0.20000000000000018,2.2619999999999973,28.763105065717358,0.1906115859746933
module.basic_model.model.13.0.weight,0.15000000000000002,69.57,89.072,1.2836479661331996,0.20200000000000218,2.2619999999999973,28.763273093613464,0.1906115859746933
module.basic_model.model.13.0.weight,0.2,69.57,89.072,1.2836479661331996,0.19599999999999618,2.2259999999999946,28.764408073742537,0.1906115859746933
module.basic_model.model.13.0.weight,0.25,69.57,89.072,1.2836479661331996,0.20599999999999508,2.2580000000000044,28.756351136581564,0.1906115859746933
module.basic_model.model.13.0.weight,0.30000000000000004,69.57,89.072,1.2836479661331996,0.20400000000000418,2.2619999999999973,28.765995931106715,0.1906115859746933
module.basic_model.model.13.0.weight,0.35000000000000003,69.57,89.072,1.2836479661331996,0.19799999999999818,2.2360000000000047,28.754964673511505,0.1906115859746933
module.basic_model.model.13.0.weight,0.4,69.57,89.072,1.2836479661331996,0.20000000000000018,2.2560000000000024,28.762852299312527,0.1906115859746933
module.basic_model.model.13.0.weight,0.45,69.57,89.072,1.2836463751887461,0.20200000000000218,2.292000000000005,28.75392464560269,0.1906115859746933
module.basic_model.model.13.0.weight,0.5,69.576,89.082,1.2832860168324633,0.20999999999999908,2.292000000000005,28.557852687091337,0.1906115859746933
module.basic_model.model.13.0.weight,0.55,69.49000000000001,89.02,1.2781335170346835,0.19799999999999818,2.2540000000000004,27.843493721535463,0.1906115859746933
module.basic_model.model.13.0.weight,0.6000000000000001,69.17999999999999,88.866,1.2720900671419553,0.19000000000000128,2.093999999999996,26.93032304613695,0.1906115859746933
module.basic_model.model.13.0.weight,0.65,68.38,88.378,1.2929711921506404,0.16800000000000148,1.8480000000000052,25.45729362697684,0.1906115859746933
module.basic_model.model.13.0.weight,0.7000000000000001,67.19,87.52600000000001,1.3819747596540601,0.19200000000000328,1.3419999999999987,21.28295809720777,0.1906115859746933
module.basic_model.model.13.0.weight,0.75,62.11599999999999,84.16399999999999,1.8921611706034431,0.20400000000000418,0.7560000000000011,15.653845847453804,0.1906115859746933
module.basic_model.model.13.0.weight,0.8,47.122,72.262,3.5530775889935486,0.11400000000000299,0.39599999999999635,11.277939570689918,0.1906115859746933
module.basic_model.model.13.0.weight,0.8500000000000001,23.782000000000004,44.606,5.302866062443764,0.029999999999996696,0.15600000000000058,9.169345426773011,0.1906115859746933
module.basic_model.model.13.0.weight,0.9,2.7100000000000013,6.930000000000003,6.608176116674887,0.009999999999998899,0.036000000000002697,7.78661594952212,0.1906115859746933
module.basic_model.model.13.3.weight,0.0,69.57,89.072,1.2836479661331996,0.19599999999999618,2.2639999999999993,28.757392563578904,0.23411299288272858
module.basic_model.model.13.3.weight,0.05,69.57,89.072,1.2836479661331996,0.19799999999999818,2.2519999999999984,28.761238059094524,0.23411299288272858
module.basic_model.model.13.3.weight,0.1,69.57,89.072,1.2836479661331996,0.19400000000000528,2.288000000000001,28.748250440230244,0.23411299288272858
module.basic_model.model.13.3.weight,0.15000000000000002,69.57,89.072,1.2836479661331996,0.19200000000000328,2.2700000000000053,28.76164358270829,0.23411299288272858
module.basic_model.model.13.3.weight,0.2,69.57,89.072,1.2836479661331996,0.20400000000000418,2.283999999999997,28.761483424303254,0.23411299288272858
module.basic_model.model.13.3.weight,0.25,69.57,89.072,1.2836479661331996,0.20000000000000018,2.2540000000000004,28.756967747127597,0.23411299288272858
module.basic_model.model.13.3.weight,0.30000000000000004,69.57,89.072,1.2836479663620066,0.19200000000000328,2.2540000000000004,28.75341907496338,0.23411299288272858
module.basic_model.model.13.3.weight,0.35000000000000003,69.57,89.072,1.2836479642264609,0.20599999999999508,2.2680000000000033,28.761606889128025,0.23411299288272858
module.basic_model.model.13.3.weight,0.4,69.57,89.072,1.2836479492776294,0.19799999999999818,2.2719999999999962,28.754014006655567,0.23411299288272858
module.basic_model.model.13.3.weight,0.45,69.56800000000001,89.072,1.2836455784771434,0.19599999999999618,2.2540000000000004,28.774199664249544,0.23411299288272858
module.basic_model.model.13.3.weight,0.5,69.528,89.054,1.2847236961946193,0.20400000000000418,2.2700000000000053,28.796552412188085,0.23411299288272858
module.basic_model.model.13.3.weight,0.55,69.166,88.844,1.3012431816496461,0.20599999999999508,2.2199999999999998,28.971040983804123,0.23411299288272858
module.basic_model.model.13.3.weight,0.6000000000000001,67.528,87.676,1.4091243360260692,0.14600000000000168,1.9279999999999964,30.02658879993363,0.23411299288272858
module.basic_model.model.13.3.weight,0.65,63.23799999999999,84.986,1.6635782032232584,0.09000000000000119,1.5619999999999967,31.397382259673964,0.23411299288272858
module.basic_model.model.13.3.weight,0.7000000000000001,49.556,74.74799999999999,2.8072630157092417,0.07200000000000539,0.9979999999999989,36.59948338687383,0.23411299288272858
module.basic_model.model.13.3.weight,0.75,32.858,58.68800000000001,5.262199940165874,0.06199999999999539,0.541999999999998,43.222770825762474,0.23411299288272858
module.basic_model.model.13.3.weight,0.8,13.216000000000005,30.698000000000004,13.506197138009583,0.04999999999999449,0.28599999999999737,57.0233822198381,0.23411299288272858
module.basic_model.model.13.3.weight,0.8500000000000001,3.391999999999995,10.816000000000003,28.775573569997647,0.024000000000001798,0.15199999999999658,73.52034291775647,0.23411299288272858
module.basic_model.model.13.3.weight,0.9,0.770000000000004,2.7020000000000044,53.79011702095172,0.002000000000002,0.09400000000000519,95.02523644948255,0.23411299288272858
module.basic_model.fc.weight,0.0,69.57,89.072,1.2836479661331996,0.20000000000000018,2.2680000000000033,28.756230591964933,0.7521493434906006
module.basic_model.fc.weight,0.05,68.494,88.708,1.3586665360270163,0.18200000000000438,2.4760000000000004,30.40061855377176,0.7521493434906006
module.basic_model.fc.weight,0.1,66.12599999999999,87.502,1.5734119688328134,0.15199999999999658,2.412000000000003,34.136840714755465,0.7521493434906006
module.basic_model.fc.weight,0.15000000000000002,64.262,86.638,1.7576672146507966,0.11200000000000099,2.3499999999999965,37.09276602288051,0.7521493434906006
module.basic_model.fc.weight,0.2,63.334,86.018,1.892677243787055,0.12400000000000189,2.1059999999999968,39.606822124293245,0.7521493434906006
module.basic_model.fc.weight,0.25,61.162000000000006,85.268,2.075117839084398,0.09000000000000119,1.8199999999999994,41.73853750588874,0.7521493434906006
module.basic_model.fc.weight,0.30000000000000004,58.895999999999994,83.91999999999999,2.269401877985044,0.07599999999999829,1.6320000000000001,43.737998074014705,0.7521493434906006
module.basic_model.fc.weight,0.35000000000000003,56.584,82.804,2.4559397167756796,0.07200000000000539,1.3460000000000027,45.12383664424649,0.7521493434906006
module.basic_model.fc.weight,0.4,54.01400000000001,81.322,2.679853985497225,0.07000000000000339,1.1739999999999973,46.13398441014501,0.7521493434906006
module.basic_model.fc.weight,0.45,51.31,79.56400000000001,2.876864356180064,0.06399999999999739,0.9499999999999953,46.51605600648709,0.7521493434906006
module.basic_model.fc.weight,0.5,48.706,77.69,3.027043523520746,0.058000000000002494,0.8619999999999961,46.16634788195896,0.7521493434906006
module.basic_model.fc.weight,0.55,45.024,75.05,3.252822543994327,0.036000000000002697,0.7279999999999953,46.355250423258084,0.7521493434906006
module.basic_model.fc.weight,0.6000000000000001,41.705999999999996,71.538,3.4796339435716166,0.029999999999996696,0.5499999999999949,45.97375972501301,0.7521493434906006
module.basic_model.fc.weight,0.65,38.268,68.512,3.6290995285858796,0.026000000000003798,0.40400000000000436,44.65640686813721,0.7521493434906006
module.basic_model.fc.weight,0.7000000000000001,33.098000000000006,63.278,3.8936890184459862,0.036000000000002697,0.27000000000000357,44.443598752744826,0.7521493434906006
module.basic_model.fc.weight,0.75,28.34,57.455999999999996,4.103876948528234,0.017999999999995797,0.19400000000000528,42.09951364086444,0.7521493434906006
module.basic_model.fc.weight,0.8,21.438000000000002,47.96,4.471105262703874,0.014000000000002899,0.09400000000000519,38.96108349271103,0.7521493434906006
module.basic_model.fc.weight,0.8500000000000001,14.480000000000004,36.68,4.823658600306568,0.004000000000004,0.046000000000001595,34.67681714165929,0.7521493434906006
module.basic_model.fc.weight,0.9,7.589999999999996,23.163999999999994,5.139103380823781,0.009999999999998899,0.029999999999996696,29.230368407353733,0.7521493434906006
