parameter,sparsity,top1,top5,loss,variance
module.conv1.weight,0.0,76.13,92.862,0.9615981846439596,0.12321819365024567
module.conv1.weight,0.05,76.134,92.866,0.9609893691174842,0.12321819365024567
module.conv1.weight,0.1,76.088,92.868,0.9610476755366036,0.12321819365024567
module.conv1.weight,0.15000000000000002,76.134,92.83399999999999,0.9623934964136203,0.12321819365024567
module.conv1.weight,0.2,76.12,92.84400000000001,0.9614877262893987,0.12321819365024567
module.conv1.weight,0.25,75.906,92.792,0.9671515819369532,0.12321819365024567
module.conv1.weight,0.30000000000000004,75.968,92.794,0.9690681714184429,0.12321819365024567
module.conv1.weight,0.35000000000000003,75.59400000000001,92.598,0.9834324988175409,0.12321819365024567
module.conv1.weight,0.4,75.388,92.406,0.9999702144034052,0.12321819365024567
module.conv1.weight,0.45,74.616,92.084,1.0294983098093347,0.12321819365024567
module.conv1.weight,0.5,72.77799999999999,91.10000000000001,1.1038216568377548,0.12321819365024567
module.conv1.weight,0.55,71.104,90.07000000000001,1.1841587780081502,0.12321819365024567
module.conv1.weight,0.6000000000000001,71.636,90.544,1.1563845599184233,0.12321819365024567
module.conv1.weight,0.65,66.456,86.812,1.4286776695932661,0.12321819365024567
module.conv1.weight,0.7000000000000001,62.91,84.516,1.6046202219262409,0.12321819365024567
module.conv1.weight,0.75,59.974,82.462,1.7426334558701033,0.12321819365024567
module.conv1.weight,0.8,47.958,72.486,2.4433953360635408,0.12321819365024567
module.conv1.weight,0.8500000000000001,41.188,64.82600000000001,2.881971561178868,0.12321819365024567
module.conv1.weight,0.9,12.878,28.446000000000005,5.930574514427961,0.12321819365024567
module.layer1.0.conv1.weight,0.0,76.13,92.862,0.9618083107836393,0.07082971930503845
module.layer1.0.conv1.weight,0.05,76.13,92.862,0.9628513330707743,0.07082971930503845
module.layer1.0.conv1.weight,0.1,76.13,92.862,0.9616442702862682,0.07082971930503845
module.layer1.0.conv1.weight,0.15000000000000002,76.122,92.862,0.9622852379570204,0.07082971930503845
module.layer1.0.conv1.weight,0.2,76.086,92.862,0.9623990256567394,0.07082971930503845
module.layer1.0.conv1.weight,0.25,76.098,92.866,0.9623304541621887,0.07082971930503845
module.layer1.0.conv1.weight,0.30000000000000004,76.012,92.838,0.962094426763301,0.07082971930503845
module.layer1.0.conv1.weight,0.35000000000000003,75.92999999999999,92.848,0.9674814662763052,0.07082971930503845
module.layer1.0.conv1.weight,0.4,75.88000000000001,92.762,0.9701695445240761,0.07082971930503845
module.layer1.0.conv1.weight,0.45,75.8,92.804,0.9731400207597387,0.07082971930503845
module.layer1.0.conv1.weight,0.5,75.75,92.776,0.974233573492692,0.07082971930503845
module.layer1.0.conv1.weight,0.55,75.124,92.62599999999999,1.0024121260764642,0.07082971930503845
module.layer1.0.conv1.weight,0.6000000000000001,74.464,92.196,1.0327133381245084,0.07082971930503845
module.layer1.0.conv1.weight,0.65,73.79,91.822,1.0590352644117513,0.07082971930503845
module.layer1.0.conv1.weight,0.7000000000000001,71.774,90.558,1.1658511177009454,0.07082971930503845
module.layer1.0.conv1.weight,0.75,70.314,89.73,1.230348837618926,0.07082971930503845
module.layer1.0.conv1.weight,0.8,64.996,86.74,1.5179482546387886,0.07082971930503845
module.layer1.0.conv1.weight,0.8500000000000001,59.32999999999999,83.078,1.8311791048974397,0.07082971930503845
module.layer1.0.conv1.weight,0.9,58.23400000000001,82.028,1.8719108579110129,0.07082971930503845
module.layer1.0.conv2.weight,0.0,76.13,92.862,0.9623375966840858,0.02914915420114994
module.layer1.0.conv2.weight,0.05,76.13,92.862,0.9613504312476341,0.02914915420114994
module.layer1.0.conv2.weight,0.1,76.13,92.862,0.9628458920182011,0.02914915420114994
module.layer1.0.conv2.weight,0.15000000000000002,76.134,92.862,0.962182299519072,0.02914915420114994
module.layer1.0.conv2.weight,0.2,76.12,92.86,0.9620315651504361,0.02914915420114994
module.layer1.0.conv2.weight,0.25,76.118,92.85,0.9622487136904071,0.02914915420114994
module.layer1.0.conv2.weight,0.30000000000000004,76.112,92.864,0.9620260091460486,0.02914915420114994
module.layer1.0.conv2.weight,0.35000000000000003,76.106,92.84599999999999,0.9602086918086425,0.02914915420114994
module.layer1.0.conv2.weight,0.4,76.076,92.824,0.9626117756172103,0.02914915420114994
module.layer1.0.conv2.weight,0.45,76.054,92.84,0.9627189733544178,0.02914915420114994
module.layer1.0.conv2.weight,0.5,76.05,92.89,0.9617041866390069,0.02914915420114994
module.layer1.0.conv2.weight,0.55,76.046,92.85600000000001,0.9629851631364045,0.02914915420114994
module.layer1.0.conv2.weight,0.6000000000000001,76.05199999999999,92.866,0.9638101634930595,0.02914915420114994
module.layer1.0.conv2.weight,0.65,75.96000000000001,92.88,0.965551109946504,0.02914915420114994
module.layer1.0.conv2.weight,0.7000000000000001,75.93799999999999,92.828,0.967950514080573,0.02914915420114994
module.layer1.0.conv2.weight,0.75,75.69200000000001,92.754,0.974362451811226,0.02914915420114994
module.layer1.0.conv2.weight,0.8,75.458,92.61399999999999,0.9827860040324072,0.02914915420114994
module.layer1.0.conv2.weight,0.8500000000000001,74.098,91.874,1.0412279233640551,0.02914915420114994
module.layer1.0.conv2.weight,0.9,73.226,91.43,1.0784347261093097,0.02914915420114994
module.layer1.0.conv3.weight,0.0,76.13,92.862,0.9622931620296167,0.03526688739657402
module.layer1.0.conv3.weight,0.05,76.13,92.862,0.9607077618034521,0.03526688739657402
module.layer1.0.conv3.weight,0.1,76.13,92.862,0.9598967536371583,0.03526688739657402
module.layer1.0.conv3.weight,0.15000000000000002,76.13,92.862,0.9623732697598784,0.03526688739657402
module.layer1.0.conv3.weight,0.2,76.128,92.864,0.9610362049876426,0.03526688739657402
module.layer1.0.conv3.weight,0.25,76.12,92.872,0.9618555328675681,0.03526688739657402
module.layer1.0.conv3.weight,0.30000000000000004,76.108,92.874,0.9616338936041812,0.03526688739657402
module.layer1.0.conv3.weight,0.35000000000000003,76.116,92.88,0.9618314972945623,0.03526688739657402
module.layer1.0.conv3.weight,0.4,76.094,92.854,0.962292200752667,0.03526688739657402
module.layer1.0.conv3.weight,0.45,76.072,92.852,0.9626861436634645,0.03526688739657402
module.layer1.0.conv3.weight,0.5,75.992,92.85,0.9625111435140882,0.03526688739657402
module.layer1.0.conv3.weight,0.55,75.996,92.83200000000001,0.9635507017374041,0.03526688739657402
module.layer1.0.conv3.weight,0.6000000000000001,76.064,92.84599999999999,0.9630199734653747,0.03526688739657402
module.layer1.0.conv3.weight,0.65,75.946,92.816,0.9660991250860449,0.03526688739657402
module.layer1.0.conv3.weight,0.7000000000000001,75.896,92.73599999999999,0.9674866892853556,0.03526688739657402
module.layer1.0.conv3.weight,0.75,75.68599999999999,92.688,0.9754957118812873,0.03526688739657402
module.layer1.0.conv3.weight,0.8,75.32799999999999,92.532,0.9876242608440164,0.03526688739657402
module.layer1.0.conv3.weight,0.8500000000000001,75.01400000000001,92.406,1.00371667104108,0.03526688739657402
module.layer1.0.conv3.weight,0.9,74.37,92.05,1.032570723976407,0.03526688739657402
module.layer1.0.downsample.0.weight,0.0,76.13,92.862,0.9629186765880007,0.057504091411828995
module.layer1.0.downsample.0.weight,0.05,76.13,92.862,0.963373122774825,0.057504091411828995
module.layer1.0.downsample.0.weight,0.1,76.13,92.862,0.9634280460221423,0.057504091411828995
module.layer1.0.downsample.0.weight,0.15000000000000002,76.142,92.85799999999999,0.9611513991745149,0.057504091411828995
module.layer1.0.downsample.0.weight,0.2,76.128,92.872,0.9610213570448815,0.057504091411828995
module.layer1.0.downsample.0.weight,0.25,76.134,92.85600000000001,0.961580349170432,0.057504091411828995
module.layer1.0.downsample.0.weight,0.30000000000000004,76.104,92.914,0.9617354809021458,0.057504091411828995
module.layer1.0.downsample.0.weight,0.35000000000000003,76.088,92.91199999999999,0.9623130143296961,0.057504091411828995
module.layer1.0.downsample.0.weight,0.4,76.116,92.904,0.9632811169235072,0.057504091411828995
module.layer1.0.downsample.0.weight,0.45,76.05199999999999,92.876,0.9644981120922128,0.057504091411828995
module.layer1.0.downsample.0.weight,0.5,75.896,92.904,0.9667360384245304,0.057504091411828995
module.layer1.0.downsample.0.weight,0.55,75.778,92.85,0.9742307480500674,0.057504091411828995
module.layer1.0.downsample.0.weight,0.6000000000000001,75.39,92.718,0.9845705905130927,0.057504091411828995
module.layer1.0.downsample.0.weight,0.65,75.086,92.512,0.9974568869386407,0.057504091411828995
module.layer1.0.downsample.0.weight,0.7000000000000001,74.222,92.094,1.0368611508486218,0.057504091411828995
module.layer1.0.downsample.0.weight,0.75,73.16,91.476,1.0835354395058685,0.057504091411828995
module.layer1.0.downsample.0.weight,0.8,68.946,88.94999999999999,1.293587165827654,0.057504091411828995
module.layer1.0.downsample.0.weight,0.8500000000000001,55.29200000000001,78.99000000000001,2.038539285562478,0.057504091411828995
module.layer1.0.downsample.0.weight,0.9,22.430000000000007,41.754000000000005,4.904869223127557,0.057504091411828995
module.layer1.1.conv1.weight,0.0,76.13,92.862,0.9612089958117934,0.030624471604824066
module.layer1.1.conv1.weight,0.05,76.13,92.862,0.9631038010120391,0.030624471604824066
module.layer1.1.conv1.weight,0.1,76.13,92.862,0.9625181713882754,0.030624471604824066
module.layer1.1.conv1.weight,0.15000000000000002,76.13,92.862,0.9621161915818031,0.030624471604824066
module.layer1.1.conv1.weight,0.2,76.132,92.866,0.9616525258336747,0.030624471604824066
module.layer1.1.conv1.weight,0.25,76.13799999999999,92.866,0.9622216553104164,0.030624471604824066
module.layer1.1.conv1.weight,0.30000000000000004,76.134,92.85,0.9618179722099887,0.030624471604824066
module.layer1.1.conv1.weight,0.35000000000000003,76.13,92.862,0.9615774154663089,0.030624471604824066
module.layer1.1.conv1.weight,0.4,76.114,92.9,0.9618506449825908,0.030624471604824066
module.layer1.1.conv1.weight,0.45,76.106,92.892,0.9623027921331173,0.030624471604824066
module.layer1.1.conv1.weight,0.5,76.132,92.908,0.9619714404855453,0.030624471604824066
module.layer1.1.conv1.weight,0.55,76.076,92.914,0.9613720853717957,0.030624471604824066
module.layer1.1.conv1.weight,0.6000000000000001,76.068,92.93,0.9610780736013336,0.030624471604824066
module.layer1.1.conv1.weight,0.65,76.018,92.89,0.9635061326683784,0.030624471604824066
module.layer1.1.conv1.weight,0.7000000000000001,75.91,92.894,0.9646319534097402,0.030624471604824066
module.layer1.1.conv1.weight,0.75,75.742,92.84400000000001,0.9681062832170602,0.030624471604824066
module.layer1.1.conv1.weight,0.8,75.558,92.672,0.9783143112245872,0.030624471604824066
module.layer1.1.conv1.weight,0.8500000000000001,75.012,92.384,0.9988539042521497,0.030624471604824066
module.layer1.1.conv1.weight,0.9,74.458,92.094,1.023746569241797,0.030624471604824066
module.layer1.1.conv2.weight,0.0,76.13,92.862,0.9615944280308124,0.028810374438762665
module.layer1.1.conv2.weight,0.05,76.13,92.862,0.9617875376526188,0.028810374438762665
module.layer1.1.conv2.weight,0.1,76.132,92.862,0.9627203837949402,0.028810374438762665
module.layer1.1.conv2.weight,0.15000000000000002,76.134,92.862,0.960936259250252,0.028810374438762665
module.layer1.1.conv2.weight,0.2,76.11,92.854,0.961204374323086,0.028810374438762665
module.layer1.1.conv2.weight,0.25,76.128,92.866,0.9630287414302631,0.028810374438762665
module.layer1.1.conv2.weight,0.30000000000000004,76.098,92.86999999999999,0.9641409808275655,0.028810374438762665
module.layer1.1.conv2.weight,0.35000000000000003,76.112,92.876,0.9619706187929427,0.028810374438762665
module.layer1.1.conv2.weight,0.4,76.114,92.848,0.9620733370586321,0.028810374438762665
module.layer1.1.conv2.weight,0.45,76.05199999999999,92.868,0.9617666751146321,0.028810374438762665
module.layer1.1.conv2.weight,0.5,76.08200000000001,92.872,0.9627537605713825,0.028810374438762665
module.layer1.1.conv2.weight,0.55,76.106,92.878,0.9623545803585829,0.028810374438762665
module.layer1.1.conv2.weight,0.6000000000000001,76.086,92.85799999999999,0.9634624944657698,0.028810374438762665
module.layer1.1.conv2.weight,0.65,76.064,92.85600000000001,0.9639674096691366,0.028810374438762665
module.layer1.1.conv2.weight,0.7000000000000001,75.964,92.78800000000001,0.9653646827352288,0.028810374438762665
module.layer1.1.conv2.weight,0.75,75.958,92.806,0.966272307901966,0.028810374438762665
module.layer1.1.conv2.weight,0.8,75.858,92.78999999999999,0.9703788073087225,0.028810374438762665
module.layer1.1.conv2.weight,0.8500000000000001,75.79400000000001,92.744,0.9796968379190991,0.028810374438762665
module.layer1.1.conv2.weight,0.9,75.432,92.592,0.9927373756559529,0.028810374438762665
module.layer1.1.conv3.weight,0.0,76.13,92.862,0.9621952626169938,0.0325404591858387
module.layer1.1.conv3.weight,0.05,76.128,92.862,0.9612912584324275,0.0325404591858387
module.layer1.1.conv3.weight,0.1,76.134,92.866,0.9613048361272226,0.0325404591858387
module.layer1.1.conv3.weight,0.15000000000000002,76.126,92.86,0.9602131767540564,0.0325404591858387
module.layer1.1.conv3.weight,0.2,76.128,92.86,0.962374037929944,0.0325404591858387
module.layer1.1.conv3.weight,0.25,76.116,92.852,0.9618574712349443,0.0325404591858387
module.layer1.1.conv3.weight,0.30000000000000004,76.106,92.868,0.9631597554805327,0.0325404591858387
module.layer1.1.conv3.weight,0.35000000000000003,76.12,92.866,0.9605506123328694,0.0325404591858387
module.layer1.1.conv3.weight,0.4,76.114,92.876,0.9610675907864862,0.0325404591858387
module.layer1.1.conv3.weight,0.45,76.12,92.866,0.9604114865770146,0.0325404591858387
module.layer1.1.conv3.weight,0.5,76.13799999999999,92.886,0.9599236639178527,0.0325404591858387
module.layer1.1.conv3.weight,0.55,76.114,92.888,0.9625063508140796,0.0325404591858387
module.layer1.1.conv3.weight,0.6000000000000001,76.078,92.906,0.9620546519148104,0.0325404591858387
module.layer1.1.conv3.weight,0.65,76.058,92.9,0.9625545232271666,0.0325404591858387
module.layer1.1.conv3.weight,0.7000000000000001,76.05,92.852,0.9627139911967879,0.0325404591858387
module.layer1.1.conv3.weight,0.75,76.03,92.78,0.9649865882737294,0.0325404591858387
module.layer1.1.conv3.weight,0.8,75.98,92.764,0.9676512038829373,0.0325404591858387
module.layer1.1.conv3.weight,0.8500000000000001,75.774,92.688,0.9767309676627718,0.0325404591858387
module.layer1.1.conv3.weight,0.9,75.638,92.638,0.9797780522886588,0.0325404591858387
module.layer1.2.conv1.weight,0.0,76.13,92.862,0.9624056454215729,0.03008028119802475
module.layer1.2.conv1.weight,0.05,76.132,92.862,0.9633099968944276,0.03008028119802475
module.layer1.2.conv1.weight,0.1,76.132,92.862,0.9617440974225804,0.03008028119802475
module.layer1.2.conv1.weight,0.15000000000000002,76.132,92.864,0.9611541221336436,0.03008028119802475
module.layer1.2.conv1.weight,0.2,76.13799999999999,92.862,0.9618245062171199,0.03008028119802475
module.layer1.2.conv1.weight,0.25,76.116,92.862,0.9619419994402905,0.03008028119802475
module.layer1.2.conv1.weight,0.30000000000000004,76.104,92.868,0.9622108592670795,0.03008028119802475
module.layer1.2.conv1.weight,0.35000000000000003,76.086,92.874,0.9613686352968218,0.03008028119802475
module.layer1.2.conv1.weight,0.4,76.054,92.894,0.962224904675873,0.03008028119802475
module.layer1.2.conv1.weight,0.45,76.028,92.866,0.9631368654723068,0.03008028119802475
module.layer1.2.conv1.weight,0.5,75.964,92.882,0.9634475799239415,0.03008028119802475
module.layer1.2.conv1.weight,0.55,75.992,92.84400000000001,0.9628375716963591,0.03008028119802475
module.layer1.2.conv1.weight,0.6000000000000001,75.958,92.804,0.9652522549945488,0.03008028119802475
module.layer1.2.conv1.weight,0.65,75.876,92.792,0.9676579209614766,0.03008028119802475
module.layer1.2.conv1.weight,0.7000000000000001,75.72,92.75,0.9698208619137201,0.03008028119802475
module.layer1.2.conv1.weight,0.75,75.564,92.604,0.9818491172425602,0.03008028119802475
module.layer1.2.conv1.weight,0.8,74.982,92.426,1.003263310510285,0.03008028119802475
module.layer1.2.conv1.weight,0.8500000000000001,74.044,91.838,1.048373961327027,0.03008028119802475
module.layer1.2.conv1.weight,0.9,71.72,90.568,1.1487529688343707,0.03008028119802475
module.layer1.2.conv2.weight,0.0,76.13,92.862,0.9615176666756065,0.03177524358034134
module.layer1.2.conv2.weight,0.05,76.134,92.86,0.9630290668229664,0.03177524358034134
module.layer1.2.conv2.weight,0.1,76.12,92.86,0.9620367209522093,0.03177524358034134
module.layer1.2.conv2.weight,0.15000000000000002,76.114,92.85799999999999,0.9616300813397589,0.03177524358034134
module.layer1.2.conv2.weight,0.2,76.12400000000001,92.848,0.9619809063721675,0.03177524358034134
module.layer1.2.conv2.weight,0.25,76.118,92.85600000000001,0.9622978732293963,0.03177524358034134
module.layer1.2.conv2.weight,0.30000000000000004,76.084,92.872,0.9623544048898068,0.03177524358034134
module.layer1.2.conv2.weight,0.35000000000000003,76.078,92.86999999999999,0.9624619210252956,0.03177524358034134
module.layer1.2.conv2.weight,0.4,76.114,92.866,0.9626750693637497,0.03177524358034134
module.layer1.2.conv2.weight,0.45,76.116,92.876,0.9634812988188803,0.03177524358034134
module.layer1.2.conv2.weight,0.5,76.096,92.866,0.9629113424797451,0.03177524358034134
module.layer1.2.conv2.weight,0.55,76.05,92.876,0.9640601961588375,0.03177524358034134
module.layer1.2.conv2.weight,0.6000000000000001,75.942,92.80000000000001,0.9656746767613352,0.03177524358034134
module.layer1.2.conv2.weight,0.65,75.884,92.774,0.9697537969569765,0.03177524358034134
module.layer1.2.conv2.weight,0.7000000000000001,75.80799999999999,92.784,0.9713792238308461,0.03177524358034134
module.layer1.2.conv2.weight,0.75,75.654,92.716,0.977355545880843,0.03177524358034134
module.layer1.2.conv2.weight,0.8,75.156,92.474,0.9934206994212403,0.03177524358034134
module.layer1.2.conv2.weight,0.8500000000000001,75.05199999999999,92.36800000000001,0.9969578297162538,0.03177524358034134
module.layer1.2.conv2.weight,0.9,74.396,91.996,1.0307396285387926,0.03177524358034134
module.layer1.2.conv3.weight,0.0,76.13,92.862,0.9613438938953446,0.031086357310414314
module.layer1.2.conv3.weight,0.05,76.13,92.862,0.9612417829279996,0.031086357310414314
module.layer1.2.conv3.weight,0.1,76.128,92.85799999999999,0.9619156517544571,0.031086357310414314
module.layer1.2.conv3.weight,0.15000000000000002,76.12400000000001,92.85799999999999,0.961900884399609,0.031086357310414314
module.layer1.2.conv3.weight,0.2,76.12400000000001,92.864,0.9608280683050349,0.031086357310414314
module.layer1.2.conv3.weight,0.25,76.12400000000001,92.85799999999999,0.9618292441781684,0.031086357310414314
module.layer1.2.conv3.weight,0.30000000000000004,76.12400000000001,92.86999999999999,0.9609330095806902,0.031086357310414314
module.layer1.2.conv3.weight,0.35000000000000003,76.128,92.876,0.9607613138398344,0.031086357310414314
module.layer1.2.conv3.weight,0.4,76.122,92.868,0.9625171051949868,0.031086357310414314
module.layer1.2.conv3.weight,0.45,76.128,92.86999999999999,0.9625059493950435,0.031086357310414314
module.layer1.2.conv3.weight,0.5,76.132,92.864,0.9604268323402015,0.031086357310414314
module.layer1.2.conv3.weight,0.55,76.13600000000001,92.854,0.9630499804506494,0.031086357310414314
module.layer1.2.conv3.weight,0.6000000000000001,76.09,92.84599999999999,0.9618301789979549,0.031086357310414314
module.layer1.2.conv3.weight,0.65,76.056,92.866,0.9627146657024112,0.031086357310414314
module.layer1.2.conv3.weight,0.7000000000000001,76.01,92.85799999999999,0.9624407245796552,0.031086357310414314
module.layer1.2.conv3.weight,0.75,76.02,92.842,0.962942976124432,0.031086357310414314
module.layer1.2.conv3.weight,0.8,75.976,92.83399999999999,0.965637206118934,0.031086357310414314
module.layer1.2.conv3.weight,0.8500000000000001,75.806,92.814,0.972815657452661,0.031086357310414314
module.layer1.2.conv3.weight,0.9,75.40400000000001,92.592,0.9900440376023858,0.031086357310414314
module.layer2.0.conv1.weight,0.0,76.13,92.862,0.9627597477971291,0.03541983664035797
module.layer2.0.conv1.weight,0.05,76.134,92.85799999999999,0.9628938856173537,0.03541983664035797
module.layer2.0.conv1.weight,0.1,76.152,92.866,0.962613152910252,0.03541983664035797
module.layer2.0.conv1.weight,0.15000000000000002,76.132,92.88,0.9616990883131419,0.03541983664035797
module.layer2.0.conv1.weight,0.2,76.11,92.886,0.9625425068091377,0.03541983664035797
module.layer2.0.conv1.weight,0.25,76.076,92.9,0.9619198386766474,0.03541983664035797
module.layer2.0.conv1.weight,0.30000000000000004,76.024,92.886,0.9638755434021657,0.03541983664035797
module.layer2.0.conv1.weight,0.35000000000000003,76.03,92.88,0.9634894293789961,0.03541983664035797
module.layer2.0.conv1.weight,0.4,75.968,92.82000000000001,0.9664396804814434,0.03541983664035797
module.layer2.0.conv1.weight,0.45,75.952,92.84599999999999,0.9658340951617882,0.03541983664035797
module.layer2.0.conv1.weight,0.5,75.852,92.822,0.9695832671559588,0.03541983664035797
module.layer2.0.conv1.weight,0.55,75.69399999999999,92.762,0.9757099163775544,0.03541983664035797
module.layer2.0.conv1.weight,0.6000000000000001,75.566,92.69000000000001,0.9803610659983691,0.03541983664035797
module.layer2.0.conv1.weight,0.65,75.47399999999999,92.584,0.9885041196735542,0.03541983664035797
module.layer2.0.conv1.weight,0.7000000000000001,75.25800000000001,92.422,1.0027759640800713,0.03541983664035797
module.layer2.0.conv1.weight,0.75,74.25399999999999,91.996,1.0353726650379143,0.03541983664035797
module.layer2.0.conv1.weight,0.8,72.54,91.10199999999999,1.1149260943033257,0.03541983664035797
module.layer2.0.conv1.weight,0.8500000000000001,65.82000000000001,86.228,1.4768406736607453,0.03541983664035797
module.layer2.0.conv1.weight,0.9,51.38199999999999,74.436,2.3199449576893625,0.03541983664035797
module.layer2.0.conv2.weight,0.0,76.13,92.862,0.9611232256402775,0.022289231419563293
module.layer2.0.conv2.weight,0.05,76.128,92.85799999999999,0.9611677937969872,0.022289231419563293
module.layer2.0.conv2.weight,0.1,76.12,92.854,0.9629462434321036,0.022289231419563293
module.layer2.0.conv2.weight,0.15000000000000002,76.094,92.854,0.961447625135889,0.022289231419563293
module.layer2.0.conv2.weight,0.2,76.114,92.85600000000001,0.9630023964813778,0.022289231419563293
module.layer2.0.conv2.weight,0.25,76.098,92.83399999999999,0.9611167740456915,0.022289231419563293
module.layer2.0.conv2.weight,0.30000000000000004,76.058,92.852,0.9626221556444563,0.022289231419563293
module.layer2.0.conv2.weight,0.35000000000000003,76.042,92.85799999999999,0.9618238079912806,0.022289231419563293
module.layer2.0.conv2.weight,0.4,76.03800000000001,92.814,0.9626952485770597,0.022289231419563293
module.layer2.0.conv2.weight,0.45,76.028,92.82000000000001,0.9635260041270938,0.022289231419563293
module.layer2.0.conv2.weight,0.5,76.008,92.83200000000001,0.9658063488955403,0.022289231419563293
module.layer2.0.conv2.weight,0.55,75.89399999999999,92.774,0.9687409327954662,0.022289231419563293
module.layer2.0.conv2.weight,0.6000000000000001,75.852,92.746,0.9714272396296866,0.022289231419563293
module.layer2.0.conv2.weight,0.65,75.68599999999999,92.704,0.9781644161866637,0.022289231419563293
module.layer2.0.conv2.weight,0.7000000000000001,75.444,92.562,0.9867717076321039,0.022289231419563293
module.layer2.0.conv2.weight,0.75,75.21,92.47,1.0013177571248035,0.022289231419563293
module.layer2.0.conv2.weight,0.8,74.478,92.072,1.0342543459668458,0.022289231419563293
module.layer2.0.conv2.weight,0.8500000000000001,73.224,91.334,1.0905016894851418,0.022289231419563293
module.layer2.0.conv2.weight,0.9,71.476,90.334,1.16830795395131,0.022289231419563293
module.layer2.0.conv3.weight,0.0,76.13,92.862,0.9608531801068049,0.02808280847966671
module.layer2.0.conv3.weight,0.05,76.13,92.862,0.9613541081851846,0.02808280847966671
module.layer2.0.conv3.weight,0.1,76.13,92.862,0.9625167205017441,0.02808280847966671
module.layer2.0.conv3.weight,0.15000000000000002,76.134,92.864,0.9622461290992036,0.02808280847966671
module.layer2.0.conv3.weight,0.2,76.12400000000001,92.854,0.9634213517515026,0.02808280847966671
module.layer2.0.conv3.weight,0.25,76.12400000000001,92.864,0.9615231840586169,0.02808280847966671
module.layer2.0.conv3.weight,0.30000000000000004,76.116,92.864,0.9613748858777844,0.02808280847966671
module.layer2.0.conv3.weight,0.35000000000000003,76.128,92.864,0.9626945710303835,0.02808280847966671
module.layer2.0.conv3.weight,0.4,76.092,92.86999999999999,0.9610633485171258,0.02808280847966671
module.layer2.0.conv3.weight,0.45,76.094,92.886,0.9619953282633609,0.02808280847966671
module.layer2.0.conv3.weight,0.5,76.088,92.916,0.962817484626965,0.02808280847966671
module.layer2.0.conv3.weight,0.55,76.01,92.91199999999999,0.9628760537930898,0.02808280847966671
module.layer2.0.conv3.weight,0.6000000000000001,76.01400000000001,92.85600000000001,0.9633276219270662,0.02808280847966671
module.layer2.0.conv3.weight,0.65,75.968,92.838,0.9636936221195724,0.02808280847966671
module.layer2.0.conv3.weight,0.7000000000000001,75.91600000000001,92.824,0.9659795606014681,0.02808280847966671
module.layer2.0.conv3.weight,0.75,75.812,92.714,0.9706001415544627,0.02808280847966671
module.layer2.0.conv3.weight,0.8,75.658,92.75,0.9764219519435139,0.02808280847966671
module.layer2.0.conv3.weight,0.8500000000000001,75.30799999999999,92.44600000000001,0.9950656021127893,0.02808280847966671
module.layer2.0.conv3.weight,0.9,74.31,92.022,1.0332505778998748,0.02808280847966671
module.layer2.0.downsample.0.weight,0.0,76.13,92.862,0.9630827021842099,0.02311495691537857
module.layer2.0.downsample.0.weight,0.05,76.13,92.862,0.9628126937515878,0.02311495691537857
module.layer2.0.downsample.0.weight,0.1,76.13,92.862,0.9620299640358713,0.02311495691537857
module.layer2.0.downsample.0.weight,0.15000000000000002,76.132,92.86999999999999,0.96204083032754,0.02311495691537857
module.layer2.0.downsample.0.weight,0.2,76.12400000000001,92.85799999999999,0.9608926198312217,0.02311495691537857
module.layer2.0.downsample.0.weight,0.25,76.094,92.878,0.9614868337402538,0.02311495691537857
module.layer2.0.downsample.0.weight,0.30000000000000004,76.122,92.882,0.9615525928687081,0.02311495691537857
module.layer2.0.downsample.0.weight,0.35000000000000003,76.108,92.882,0.9618178672936498,0.02311495691537857
module.layer2.0.downsample.0.weight,0.4,76.078,92.878,0.9608225925844542,0.02311495691537857
module.layer2.0.downsample.0.weight,0.45,76.088,92.872,0.9618370976983285,0.02311495691537857
module.layer2.0.downsample.0.weight,0.5,76.058,92.85,0.9624211763849059,0.02311495691537857
module.layer2.0.downsample.0.weight,0.55,76.032,92.84599999999999,0.9628697141092651,0.02311495691537857
module.layer2.0.downsample.0.weight,0.6000000000000001,75.948,92.84400000000001,0.9642864815434632,0.02311495691537857
module.layer2.0.downsample.0.weight,0.65,75.9,92.83399999999999,0.9656668618625527,0.02311495691537857
module.layer2.0.downsample.0.weight,0.7000000000000001,75.862,92.796,0.966563640200362,0.02311495691537857
module.layer2.0.downsample.0.weight,0.75,75.75,92.768,0.9686090140318383,0.02311495691537857
module.layer2.0.downsample.0.weight,0.8,75.682,92.762,0.9694018327459998,0.02311495691537857
module.layer2.0.downsample.0.weight,0.8500000000000001,75.46,92.656,0.978296054869282,0.02311495691537857
module.layer2.0.downsample.0.weight,0.9,75.002,92.41,0.999638979228175,0.02311495691537857
module.layer2.1.conv1.weight,0.0,76.13,92.862,0.9624244062876216,0.016658911481499672
module.layer2.1.conv1.weight,0.05,76.13,92.862,0.9608664387951092,0.016658911481499672
module.layer2.1.conv1.weight,0.1,76.13,92.862,0.9619444015682957,0.016658911481499672
module.layer2.1.conv1.weight,0.15000000000000002,76.13,92.862,0.9623729665668648,0.016658911481499672
module.layer2.1.conv1.weight,0.2,76.128,92.86,0.9622034622090205,0.016658911481499672
module.layer2.1.conv1.weight,0.25,76.128,92.864,0.9605526905886981,0.016658911481499672
module.layer2.1.conv1.weight,0.30000000000000004,76.122,92.862,0.9608786714320278,0.016658911481499672
module.layer2.1.conv1.weight,0.35000000000000003,76.134,92.864,0.961860143408483,0.016658911481499672
module.layer2.1.conv1.weight,0.4,76.126,92.862,0.9623151400259563,0.016658911481499672
module.layer2.1.conv1.weight,0.45,76.114,92.88,0.9624868756046099,0.016658911481499672
module.layer2.1.conv1.weight,0.5,76.09,92.88,0.9613424907533491,0.016658911481499672
module.layer2.1.conv1.weight,0.55,76.098,92.874,0.9620158988602309,0.016658911481499672
module.layer2.1.conv1.weight,0.6000000000000001,76.048,92.888,0.9625273094493513,0.016658911481499672
module.layer2.1.conv1.weight,0.65,76.09,92.88,0.9637337728422518,0.016658911481499672
module.layer2.1.conv1.weight,0.7000000000000001,76.09,92.908,0.9619052543932077,0.016658911481499672
module.layer2.1.conv1.weight,0.75,76.09,92.93400000000001,0.9619900033790237,0.016658911481499672
module.layer2.1.conv1.weight,0.8,76.092,92.944,0.9635411132963341,0.016658911481499672
module.layer2.1.conv1.weight,0.8500000000000001,76.03800000000001,92.95,0.9637648648753453,0.016658911481499672
module.layer2.1.conv1.weight,0.9,75.872,92.926,0.9681219975559077,0.016658911481499672
module.layer2.1.conv2.weight,0.0,76.13,92.862,0.9613485251154212,0.019336460158228874
module.layer2.1.conv2.weight,0.05,76.12400000000001,92.862,0.9608146268494274,0.019336460158228874
module.layer2.1.conv2.weight,0.1,76.12400000000001,92.862,0.9624131105992257,0.019336460158228874
module.layer2.1.conv2.weight,0.15000000000000002,76.128,92.85600000000001,0.9608812161854334,0.019336460158228874
module.layer2.1.conv2.weight,0.2,76.152,92.85799999999999,0.9620279970825932,0.019336460158228874
module.layer2.1.conv2.weight,0.25,76.15,92.862,0.9598903998124354,0.019336460158228874
module.layer2.1.conv2.weight,0.30000000000000004,76.154,92.842,0.9617863048096092,0.019336460158228874
module.layer2.1.conv2.weight,0.35000000000000003,76.154,92.852,0.9619922124001449,0.019336460158228874
module.layer2.1.conv2.weight,0.4,76.114,92.854,0.961990107991258,0.019336460158228874
module.layer2.1.conv2.weight,0.45,76.112,92.83,0.962780991683201,0.019336460158228874
module.layer2.1.conv2.weight,0.5,76.068,92.85799999999999,0.9622777213855664,0.019336460158228874
module.layer2.1.conv2.weight,0.55,76.066,92.848,0.9631843472621879,0.019336460158228874
module.layer2.1.conv2.weight,0.6000000000000001,76.028,92.81,0.9669337853485226,0.019336460158228874
module.layer2.1.conv2.weight,0.65,75.972,92.822,0.9678383156353115,0.019336460158228874
module.layer2.1.conv2.weight,0.7000000000000001,75.856,92.754,0.9743694340696138,0.019336460158228874
module.layer2.1.conv2.weight,0.75,75.666,92.66799999999999,0.9812499689204353,0.019336460158228874
module.layer2.1.conv2.weight,0.8,75.53,92.608,0.9897474296847169,0.019336460158228874
module.layer2.1.conv2.weight,0.8500000000000001,75.13,92.386,1.0071420535749318,0.019336460158228874
module.layer2.1.conv2.weight,0.9,73.736,91.658,1.0607749083820652,0.019336460158228874
module.layer2.1.conv3.weight,0.0,76.13,92.862,0.9611990834985469,0.022059187293052673
module.layer2.1.conv3.weight,0.05,76.13,92.862,0.9614622155014348,0.022059187293052673
module.layer2.1.conv3.weight,0.1,76.13600000000001,92.866,0.9605591117727514,0.022059187293052673
module.layer2.1.conv3.weight,0.15000000000000002,76.132,92.862,0.9611817050953304,0.022059187293052673
module.layer2.1.conv3.weight,0.2,76.134,92.868,0.9610251395069825,0.022059187293052673
module.layer2.1.conv3.weight,0.25,76.13,92.864,0.9623111802704483,0.022059187293052673
module.layer2.1.conv3.weight,0.30000000000000004,76.122,92.866,0.962157336728913,0.022059187293052673
module.layer2.1.conv3.weight,0.35000000000000003,76.12400000000001,92.878,0.9617890195578942,0.022059187293052673
module.layer2.1.conv3.weight,0.4,76.112,92.86999999999999,0.9621189300503052,0.022059187293052673
module.layer2.1.conv3.weight,0.45,76.11,92.876,0.961344595162236,0.022059187293052673
module.layer2.1.conv3.weight,0.5,76.092,92.88,0.9608471205039901,0.022059187293052673
module.layer2.1.conv3.weight,0.55,76.116,92.88,0.9611042531169192,0.022059187293052673
module.layer2.1.conv3.weight,0.6000000000000001,76.144,92.876,0.9614929328767622,0.022059187293052673
module.layer2.1.conv3.weight,0.65,76.102,92.868,0.961346027802448,0.022059187293052673
module.layer2.1.conv3.weight,0.7000000000000001,76.048,92.886,0.9614624879798108,0.022059187293052673
module.layer2.1.conv3.weight,0.75,76.044,92.884,0.9608843956066638,0.022059187293052673
module.layer2.1.conv3.weight,0.8,76.028,92.864,0.9627188498876534,0.022059187293052673
module.layer2.1.conv3.weight,0.8500000000000001,75.92999999999999,92.84599999999999,0.9647188165358133,0.022059187293052673
module.layer2.1.conv3.weight,0.9,75.67,92.738,0.9723013292769996,0.022059187293052673
module.layer2.2.conv1.weight,0.0,76.13,92.862,0.9606466530537121,0.02331586368381977
module.layer2.2.conv1.weight,0.05,76.134,92.86,0.9611770969872568,0.02331586368381977
module.layer2.2.conv1.weight,0.1,76.13600000000001,92.85799999999999,0.96121830964575,0.02331586368381977
module.layer2.2.conv1.weight,0.15000000000000002,76.116,92.88,0.9613961355418571,0.02331586368381977
module.layer2.2.conv1.weight,0.2,76.102,92.878,0.9609395244291851,0.02331586368381977
module.layer2.2.conv1.weight,0.25,76.11,92.88,0.9616530859956934,0.02331586368381977
module.layer2.2.conv1.weight,0.30000000000000004,76.098,92.84599999999999,0.9612172498386733,0.02331586368381977
module.layer2.2.conv1.weight,0.35000000000000003,76.076,92.862,0.9629013583976398,0.02331586368381977
module.layer2.2.conv1.weight,0.4,76.08,92.862,0.962976443524263,0.02331586368381977
module.layer2.2.conv1.weight,0.45,76.072,92.85799999999999,0.9620421693033103,0.02331586368381977
module.layer2.2.conv1.weight,0.5,76.112,92.85,0.9625481859761845,0.02331586368381977
module.layer2.2.conv1.weight,0.55,76.064,92.83200000000001,0.9628381923753387,0.02331586368381977
module.layer2.2.conv1.weight,0.6000000000000001,76.042,92.822,0.9652595501773215,0.02331586368381977
module.layer2.2.conv1.weight,0.65,76.012,92.83399999999999,0.9657845840770369,0.02331586368381977
module.layer2.2.conv1.weight,0.7000000000000001,76.012,92.83200000000001,0.9675635798853273,0.02331586368381977
module.layer2.2.conv1.weight,0.75,75.936,92.808,0.9698399022525667,0.02331586368381977
module.layer2.2.conv1.weight,0.8,75.812,92.728,0.9736785493334938,0.02331586368381977
module.layer2.2.conv1.weight,0.8500000000000001,75.464,92.62,0.9819910286032424,0.02331586368381977
module.layer2.2.conv1.weight,0.9,75.074,92.422,1.0002865389901765,0.02331586368381977
module.layer2.2.conv2.weight,0.0,76.13,92.862,0.9622793112482347,0.02159416675567627
module.layer2.2.conv2.weight,0.05,76.14,92.862,0.9612154109137397,0.02159416675567627
module.layer2.2.conv2.weight,0.1,76.132,92.872,0.9620622311319622,0.02159416675567627
module.layer2.2.conv2.weight,0.15000000000000002,76.108,92.86999999999999,0.9619983054545456,0.02159416675567627
module.layer2.2.conv2.weight,0.2,76.076,92.884,0.9614740664861642,0.02159416675567627
module.layer2.2.conv2.weight,0.25,76.062,92.878,0.9627870479408575,0.02159416675567627
module.layer2.2.conv2.weight,0.30000000000000004,76.084,92.872,0.9624849068267006,0.02159416675567627
module.layer2.2.conv2.weight,0.35000000000000003,76.056,92.86,0.9624698402322065,0.02159416675567627
module.layer2.2.conv2.weight,0.4,76.088,92.868,0.9622485035536239,0.02159416675567627
module.layer2.2.conv2.weight,0.45,76.112,92.85799999999999,0.9615067979510948,0.02159416675567627
module.layer2.2.conv2.weight,0.5,76.07,92.842,0.9632523637645096,0.02159416675567627
module.layer2.2.conv2.weight,0.55,76.018,92.84599999999999,0.964539962763689,0.02159416675567627
module.layer2.2.conv2.weight,0.6000000000000001,75.984,92.804,0.9667828107366759,0.02159416675567627
module.layer2.2.conv2.weight,0.65,75.966,92.80199999999999,0.9691443817347896,0.02159416675567627
module.layer2.2.conv2.weight,0.7000000000000001,75.846,92.778,0.9720488893134255,0.02159416675567627
module.layer2.2.conv2.weight,0.75,75.722,92.72,0.9762908275030093,0.02159416675567627
module.layer2.2.conv2.weight,0.8,75.534,92.652,0.9832464401819271,0.02159416675567627
module.layer2.2.conv2.weight,0.8500000000000001,75.234,92.432,0.9972563538016103,0.02159416675567627
module.layer2.2.conv2.weight,0.9,74.634,92.09,1.0245296796973877,0.02159416675567627
module.layer2.2.conv3.weight,0.0,76.13,92.862,0.9624189022852448,0.026174208149313927
module.layer2.2.conv3.weight,0.05,76.132,92.862,0.9606948348940634,0.026174208149313927
module.layer2.2.conv3.weight,0.1,76.12,92.854,0.9615933609252078,0.026174208149313927
module.layer2.2.conv3.weight,0.15000000000000002,76.148,92.85600000000001,0.9626014624931376,0.026174208149313927
module.layer2.2.conv3.weight,0.2,76.13,92.85799999999999,0.9614753485942376,0.026174208149313927
module.layer2.2.conv3.weight,0.25,76.118,92.84599999999999,0.9611939818275217,0.026174208149313927
module.layer2.2.conv3.weight,0.30000000000000004,76.088,92.84599999999999,0.9629657861529567,0.026174208149313927
module.layer2.2.conv3.weight,0.35000000000000003,76.072,92.866,0.9612488856120983,0.026174208149313927
module.layer2.2.conv3.weight,0.4,76.092,92.84599999999999,0.9640871417157505,0.026174208149313927
module.layer2.2.conv3.weight,0.45,76.05999999999999,92.83399999999999,0.9633357305915987,0.026174208149313927
module.layer2.2.conv3.weight,0.5,76.076,92.84599999999999,0.963210177664854,0.026174208149313927
module.layer2.2.conv3.weight,0.55,75.988,92.828,0.9651415393668773,0.026174208149313927
module.layer2.2.conv3.weight,0.6000000000000001,75.966,92.836,0.9645288772120767,0.026174208149313927
module.layer2.2.conv3.weight,0.65,76.006,92.81200000000001,0.9659962532471638,0.026174208149313927
module.layer2.2.conv3.weight,0.7000000000000001,75.87,92.804,0.9701204795618448,0.026174208149313927
module.layer2.2.conv3.weight,0.75,75.766,92.692,0.9741080415492157,0.026174208149313927
module.layer2.2.conv3.weight,0.8,75.58,92.67,0.978511895452227,0.026174208149313927
module.layer2.2.conv3.weight,0.8500000000000001,75.48,92.552,0.9858110814678431,0.026174208149313927
module.layer2.2.conv3.weight,0.9,74.966,92.34400000000001,1.007111620233984,0.026174208149313927
module.layer2.3.conv1.weight,0.0,76.13,92.862,0.9613418205052003,0.02431800775229931
module.layer2.3.conv1.weight,0.05,76.128,92.872,0.9619506107909341,0.02431800775229931
module.layer2.3.conv1.weight,0.1,76.12400000000001,92.868,0.961896881157038,0.02431800775229931
module.layer2.3.conv1.weight,0.15000000000000002,76.09,92.864,0.9616659012984253,0.02431800775229931
module.layer2.3.conv1.weight,0.2,76.112,92.868,0.9612033473593851,0.02431800775229931
module.layer2.3.conv1.weight,0.25,76.126,92.878,0.9634061984869897,0.02431800775229931
module.layer2.3.conv1.weight,0.30000000000000004,76.098,92.874,0.9612413334603211,0.02431800775229931
module.layer2.3.conv1.weight,0.35000000000000003,76.094,92.864,0.9622888975605673,0.02431800775229931
module.layer2.3.conv1.weight,0.4,76.088,92.882,0.9625813729908995,0.02431800775229931
module.layer2.3.conv1.weight,0.45,76.086,92.874,0.963796487572242,0.02431800775229931
module.layer2.3.conv1.weight,0.5,76.062,92.866,0.9629536544790073,0.02431800775229931
module.layer2.3.conv1.weight,0.55,76.024,92.874,0.9649160042101025,0.02431800775229931
module.layer2.3.conv1.weight,0.6000000000000001,76.056,92.86999999999999,0.9659690750496732,0.02431800775229931
module.layer2.3.conv1.weight,0.65,75.934,92.84599999999999,0.9675618486136804,0.02431800775229931
module.layer2.3.conv1.weight,0.7000000000000001,75.864,92.758,0.9720517098903656,0.02431800775229931
module.layer2.3.conv1.weight,0.75,75.774,92.692,0.9760619179934872,0.02431800775229931
module.layer2.3.conv1.weight,0.8,75.612,92.642,0.9842647718531747,0.02431800775229931
module.layer2.3.conv1.weight,0.8500000000000001,75.30799999999999,92.484,0.9989474497887556,0.02431800775229931
module.layer2.3.conv1.weight,0.9,74.76,92.17999999999999,1.023976978294704,0.02431800775229931
module.layer2.3.conv2.weight,0.0,76.13,92.862,0.9614809800167471,0.022409193217754364
module.layer2.3.conv2.weight,0.05,76.118,92.874,0.960755359761569,0.022409193217754364
module.layer2.3.conv2.weight,0.1,76.118,92.86,0.9610604938803885,0.022409193217754364
module.layer2.3.conv2.weight,0.15000000000000002,76.118,92.84599999999999,0.9614118988416629,0.022409193217754364
module.layer2.3.conv2.weight,0.2,76.106,92.85600000000001,0.9623956944869492,0.022409193217754364
module.layer2.3.conv2.weight,0.25,76.102,92.84,0.9622776094748048,0.022409193217754364
module.layer2.3.conv2.weight,0.30000000000000004,76.066,92.83399999999999,0.9614835168634138,0.022409193217754364
module.layer2.3.conv2.weight,0.35000000000000003,76.056,92.86999999999999,0.962325069977313,0.022409193217754364
module.layer2.3.conv2.weight,0.4,76.07,92.86,0.9624040458275346,0.022409193217754364
module.layer2.3.conv2.weight,0.45,76.062,92.84400000000001,0.9632489130813247,0.022409193217754364
module.layer2.3.conv2.weight,0.5,76.01400000000001,92.798,0.9649536141327446,0.022409193217754364
module.layer2.3.conv2.weight,0.55,76.004,92.768,0.967246374913624,0.022409193217754364
module.layer2.3.conv2.weight,0.6000000000000001,75.932,92.73599999999999,0.9698089866005644,0.022409193217754364
module.layer2.3.conv2.weight,0.65,75.888,92.69800000000001,0.9704796054533554,0.022409193217754364
module.layer2.3.conv2.weight,0.7000000000000001,75.768,92.648,0.9744678267410821,0.022409193217754364
module.layer2.3.conv2.weight,0.75,75.542,92.574,0.9831151107744298,0.022409193217754364
module.layer2.3.conv2.weight,0.8,75.20599999999999,92.448,0.9944581596218813,0.022409193217754364
module.layer2.3.conv2.weight,0.8500000000000001,75.086,92.326,1.0038203676136173,0.022409193217754364
module.layer2.3.conv2.weight,0.9,74.768,92.154,1.0177273628663046,0.022409193217754364
module.layer2.3.conv3.weight,0.0,76.13,92.862,0.9615574111135636,0.024317095056176186
module.layer2.3.conv3.weight,0.05,76.132,92.85799999999999,0.9636069597030171,0.024317095056176186
module.layer2.3.conv3.weight,0.1,76.122,92.866,0.9612604571240292,0.024317095056176186
module.layer2.3.conv3.weight,0.15000000000000002,76.116,92.86,0.9614561403892482,0.024317095056176186
module.layer2.3.conv3.weight,0.2,76.134,92.866,0.9630143718451872,0.024317095056176186
module.layer2.3.conv3.weight,0.25,76.12400000000001,92.86999999999999,0.9612644193123798,0.024317095056176186
module.layer2.3.conv3.weight,0.30000000000000004,76.118,92.874,0.9611687873091017,0.024317095056176186
module.layer2.3.conv3.weight,0.35000000000000003,76.1,92.906,0.961518925063464,0.024317095056176186
module.layer2.3.conv3.weight,0.4,76.112,92.878,0.9615611248478592,0.024317095056176186
module.layer2.3.conv3.weight,0.45,76.116,92.892,0.9619025530255569,0.024317095056176186
module.layer2.3.conv3.weight,0.5,76.132,92.888,0.9627357128323343,0.024317095056176186
module.layer2.3.conv3.weight,0.55,76.104,92.874,0.9628359368261026,0.024317095056176186
module.layer2.3.conv3.weight,0.6000000000000001,76.064,92.91,0.9634372823092404,0.024317095056176186
module.layer2.3.conv3.weight,0.65,76.01599999999999,92.892,0.965002616145173,0.024317095056176186
module.layer2.3.conv3.weight,0.7000000000000001,75.95,92.914,0.9646700216191153,0.024317095056176186
module.layer2.3.conv3.weight,0.75,75.904,92.866,0.9672789418575711,0.024317095056176186
module.layer2.3.conv3.weight,0.8,75.696,92.776,0.9740362492751106,0.024317095056176186
module.layer2.3.conv3.weight,0.8500000000000001,75.416,92.686,0.9847318010062588,0.024317095056176186
module.layer2.3.conv3.weight,0.9,74.836,92.326,1.0097826269208168,0.024317095056176186
module.layer3.0.conv1.weight,0.0,76.13,92.862,0.9624415064344604,0.030766086652874947
module.layer3.0.conv1.weight,0.05,76.128,92.866,0.9633842980375094,0.030766086652874947
module.layer3.0.conv1.weight,0.1,76.116,92.852,0.962941790113644,0.030766086652874947
module.layer3.0.conv1.weight,0.15000000000000002,76.078,92.878,0.9614302890033138,0.030766086652874947
module.layer3.0.conv1.weight,0.2,76.05199999999999,92.902,0.9618155515315581,0.030766086652874947
module.layer3.0.conv1.weight,0.25,76.108,92.86999999999999,0.9629140557075032,0.030766086652874947
module.layer3.0.conv1.weight,0.30000000000000004,76.048,92.84599999999999,0.9634974720526712,0.030766086652874947
module.layer3.0.conv1.weight,0.35000000000000003,76.066,92.804,0.9665214014904836,0.030766086652874947
module.layer3.0.conv1.weight,0.4,76.018,92.746,0.9689541206676133,0.030766086652874947
module.layer3.0.conv1.weight,0.45,75.956,92.732,0.9732666337976649,0.030766086652874947
module.layer3.0.conv1.weight,0.5,75.81599999999999,92.65,0.97634214132416,0.030766086652874947
module.layer3.0.conv1.weight,0.55,75.67,92.642,0.9799799256178794,0.030766086652874947
module.layer3.0.conv1.weight,0.6000000000000001,75.56,92.572,0.9858427713720164,0.030766086652874947
module.layer3.0.conv1.weight,0.65,75.312,92.432,0.9939278160430952,0.030766086652874947
module.layer3.0.conv1.weight,0.7000000000000001,74.924,92.252,1.015316098320241,0.030766086652874947
module.layer3.0.conv1.weight,0.75,73.94800000000001,91.706,1.0557647210602847,0.030766086652874947
module.layer3.0.conv1.weight,0.8,73.226,91.426,1.0846084274199541,0.030766086652874947
module.layer3.0.conv1.weight,0.8500000000000001,70.71000000000001,89.776,1.1970139887868145,0.030766086652874947
module.layer3.0.conv1.weight,0.9,66.536,87.264,1.3898814016458938,0.030766086652874947
module.layer3.0.conv2.weight,0.0,76.13,92.862,0.962418425752192,0.017362674698233604
module.layer3.0.conv2.weight,0.05,76.128,92.862,0.9609963498553452,0.017362674698233604
module.layer3.0.conv2.weight,0.1,76.104,92.86999999999999,0.9626613602954512,0.017362674698233604
module.layer3.0.conv2.weight,0.15000000000000002,76.11,92.872,0.9623924454255978,0.017362674698233604
module.layer3.0.conv2.weight,0.2,76.132,92.876,0.9613441085937069,0.017362674698233604
module.layer3.0.conv2.weight,0.25,76.094,92.872,0.9621216454068009,0.017362674698233604
module.layer3.0.conv2.weight,0.30000000000000004,76.066,92.896,0.9616504354136334,0.017362674698233604
module.layer3.0.conv2.weight,0.35000000000000003,76.07,92.896,0.9615270449798929,0.017362674698233604
module.layer3.0.conv2.weight,0.4,76.076,92.898,0.9626895742756981,0.017362674698233604
module.layer3.0.conv2.weight,0.45,76.09,92.888,0.9644456809880783,0.017362674698233604
module.layer3.0.conv2.weight,0.5,76.048,92.842,0.963722315673926,0.017362674698233604
module.layer3.0.conv2.weight,0.55,75.96000000000001,92.842,0.9658991001090224,0.017362674698233604
module.layer3.0.conv2.weight,0.6000000000000001,75.868,92.848,0.9690735735455339,0.017362674698233604
module.layer3.0.conv2.weight,0.65,75.71,92.754,0.9740145169958775,0.017362674698233604
module.layer3.0.conv2.weight,0.7000000000000001,75.59400000000001,92.648,0.9821334183216093,0.017362674698233604
module.layer3.0.conv2.weight,0.75,75.25,92.54400000000001,0.9932454033773771,0.017362674698233604
module.layer3.0.conv2.weight,0.8,74.706,92.24,1.013424558907139,0.017362674698233604
module.layer3.0.conv2.weight,0.8500000000000001,73.85,91.818,1.052107168095452,0.017362674698233604
module.layer3.0.conv2.weight,0.9,71.942,90.704,1.1354296475040666,0.017362674698233604
module.layer3.0.conv3.weight,0.0,76.13,92.862,0.9623238115894553,0.02337515540421009
module.layer3.0.conv3.weight,0.05,76.122,92.862,0.9634345359340005,0.02337515540421009
module.layer3.0.conv3.weight,0.1,76.126,92.86999999999999,0.9616902102621234,0.02337515540421009
module.layer3.0.conv3.weight,0.15000000000000002,76.122,92.854,0.9631295389666853,0.02337515540421009
module.layer3.0.conv3.weight,0.2,76.08200000000001,92.866,0.9608872785251964,0.02337515540421009
module.layer3.0.conv3.weight,0.25,76.08200000000001,92.872,0.9616608926836323,0.02337515540421009
module.layer3.0.conv3.weight,0.30000000000000004,76.074,92.892,0.9623430669307708,0.02337515540421009
module.layer3.0.conv3.weight,0.35000000000000003,76.032,92.898,0.9623840180586792,0.02337515540421009
module.layer3.0.conv3.weight,0.4,76.05999999999999,92.902,0.9621269459627114,0.02337515540421009
module.layer3.0.conv3.weight,0.45,76.03,92.894,0.9635964841866975,0.02337515540421009
module.layer3.0.conv3.weight,0.5,75.99000000000001,92.89,0.9625396451779773,0.02337515540421009
module.layer3.0.conv3.weight,0.55,75.89399999999999,92.828,0.9682614696877349,0.02337515540421009
module.layer3.0.conv3.weight,0.6000000000000001,75.836,92.82000000000001,0.9694826861425317,0.02337515540421009
module.layer3.0.conv3.weight,0.65,75.75,92.73599999999999,0.9737130877922994,0.02337515540421009
module.layer3.0.conv3.weight,0.7000000000000001,75.59400000000001,92.606,0.9797779336875803,0.02337515540421009
module.layer3.0.conv3.weight,0.75,75.274,92.434,0.9946876593998499,0.02337515540421009
module.layer3.0.conv3.weight,0.8,74.8,92.22200000000001,1.0158691600877412,0.02337515540421009
module.layer3.0.conv3.weight,0.8500000000000001,73.966,91.78399999999999,1.0566775780551276,0.02337515540421009
module.layer3.0.conv3.weight,0.9,71.25600000000001,90.31,1.1671364584139416,0.02337515540421009
module.layer3.0.downsample.0.weight,0.0,76.13,92.862,0.9635709636673633,0.01614917814731598
module.layer3.0.downsample.0.weight,0.05,76.13,92.862,0.9616054862129448,0.01614917814731598
module.layer3.0.downsample.0.weight,0.1,76.12,92.85600000000001,0.9613603371746682,0.01614917814731598
module.layer3.0.downsample.0.weight,0.15000000000000002,76.106,92.86,0.96202623175115,0.01614917814731598
module.layer3.0.downsample.0.weight,0.2,76.084,92.862,0.9633697061514368,0.01614917814731598
module.layer3.0.downsample.0.weight,0.25,76.094,92.85600000000001,0.9617721523557387,0.01614917814731598
module.layer3.0.downsample.0.weight,0.30000000000000004,76.066,92.874,0.9637817883369878,0.01614917814731598
module.layer3.0.downsample.0.weight,0.35000000000000003,76.02,92.85600000000001,0.9625897115590621,0.01614917814731598
module.layer3.0.downsample.0.weight,0.4,76.018,92.904,0.9633415022066664,0.01614917814731598
module.layer3.0.downsample.0.weight,0.45,75.994,92.884,0.9655849343659928,0.01614917814731598
module.layer3.0.downsample.0.weight,0.5,76.018,92.93400000000001,0.9639596717090024,0.01614917814731598
module.layer3.0.downsample.0.weight,0.55,75.964,92.89,0.9646685096074126,0.01614917814731598
module.layer3.0.downsample.0.weight,0.6000000000000001,76.044,92.85600000000001,0.9640101738730249,0.01614917814731598
module.layer3.0.downsample.0.weight,0.65,75.978,92.864,0.9656568525397049,0.01614917814731598
module.layer3.0.downsample.0.weight,0.7000000000000001,75.878,92.89,0.9695010060558512,0.01614917814731598
module.layer3.0.downsample.0.weight,0.75,75.87,92.798,0.9730752819046679,0.01614917814731598
module.layer3.0.downsample.0.weight,0.8,75.69,92.682,0.9778856236715706,0.01614917814731598
module.layer3.0.downsample.0.weight,0.8500000000000001,75.286,92.498,0.9935335112469542,0.01614917814731598
module.layer3.0.downsample.0.weight,0.9,74.662,92.146,1.0210248423474184,0.01614917814731598
module.layer3.1.conv1.weight,0.0,76.13,92.862,0.9625390497397405,0.015213911421597004
module.layer3.1.conv1.weight,0.05,76.13,92.862,0.9622657004059578,0.015213911421597004
module.layer3.1.conv1.weight,0.1,76.126,92.866,0.962269421134676,0.015213911421597004
module.layer3.1.conv1.weight,0.15000000000000002,76.13,92.854,0.9618695895282591,0.015213911421597004
module.layer3.1.conv1.weight,0.2,76.122,92.874,0.9619965924292194,0.015213911421597004
module.layer3.1.conv1.weight,0.25,76.118,92.86,0.9605033157431351,0.015213911421597004
module.layer3.1.conv1.weight,0.30000000000000004,76.11,92.864,0.9613640855769722,0.015213911421597004
module.layer3.1.conv1.weight,0.35000000000000003,76.118,92.872,0.962346273721481,0.015213911421597004
module.layer3.1.conv1.weight,0.4,76.114,92.9,0.9618005624839236,0.015213911421597004
module.layer3.1.conv1.weight,0.45,76.116,92.898,0.9604481820549288,0.015213911421597004
module.layer3.1.conv1.weight,0.5,76.12,92.902,0.9611591240581202,0.015213911421597004
module.layer3.1.conv1.weight,0.55,76.128,92.93599999999999,0.9620347077749211,0.015213911421597004
module.layer3.1.conv1.weight,0.6000000000000001,76.14,92.9,0.9612831160122036,0.015213911421597004
module.layer3.1.conv1.weight,0.65,76.09,92.888,0.9626253739911678,0.015213911421597004
module.layer3.1.conv1.weight,0.7000000000000001,76.094,92.886,0.9643174318634733,0.015213911421597004
module.layer3.1.conv1.weight,0.75,76.046,92.894,0.9671298244169778,0.015213911421597004
module.layer3.1.conv1.weight,0.8,75.87,92.796,0.9734481962359678,0.015213911421597004
module.layer3.1.conv1.weight,0.8500000000000001,75.658,92.66799999999999,0.9859193134672791,0.015213911421597004
module.layer3.1.conv1.weight,0.9,75.01400000000001,92.378,1.0132313212569883,0.015213911421597004
module.layer3.1.conv2.weight,0.0,76.13,92.862,0.9626610020593722,0.015097874216735363
module.layer3.1.conv2.weight,0.05,76.122,92.864,0.9611225785041343,0.015097874216735363
module.layer3.1.conv2.weight,0.1,76.128,92.866,0.9606715218753236,0.015097874216735363
module.layer3.1.conv2.weight,0.15000000000000002,76.11,92.86999999999999,0.9613861557172266,0.015097874216735363
module.layer3.1.conv2.weight,0.2,76.122,92.872,0.959926590627554,0.015097874216735363
module.layer3.1.conv2.weight,0.25,76.102,92.862,0.9614979813293536,0.015097874216735363
module.layer3.1.conv2.weight,0.30000000000000004,76.08,92.868,0.9604912497559377,0.015097874216735363
module.layer3.1.conv2.weight,0.35000000000000003,76.05999999999999,92.85,0.9622201043732314,0.015097874216735363
module.layer3.1.conv2.weight,0.4,76.02,92.86999999999999,0.962226230575114,0.015097874216735363
module.layer3.1.conv2.weight,0.45,75.99000000000001,92.874,0.9605291020505283,0.015097874216735363
module.layer3.1.conv2.weight,0.5,75.98,92.85799999999999,0.9623626291143653,0.015097874216735363
module.layer3.1.conv2.weight,0.55,75.972,92.84599999999999,0.9639561358763247,0.015097874216735363
module.layer3.1.conv2.weight,0.6000000000000001,75.95,92.84,0.9655420980891394,0.015097874216735363
module.layer3.1.conv2.weight,0.65,75.866,92.794,0.9671596097094673,0.015097874216735363
module.layer3.1.conv2.weight,0.7000000000000001,75.74600000000001,92.73,0.9726273688126585,0.015097874216735363
module.layer3.1.conv2.weight,0.75,75.536,92.696,0.9804118418571904,0.015097874216735363
module.layer3.1.conv2.weight,0.8,75.098,92.51,0.9993527437351188,0.015097874216735363
module.layer3.1.conv2.weight,0.8500000000000001,74.20400000000001,92.04,1.0409908157830332,0.015097874216735363
module.layer3.1.conv2.weight,0.9,71.45,90.48,1.183517220677162,0.015097874216735363
module.layer3.1.conv3.weight,0.0,76.13,92.862,0.9609148161751885,0.020356174558401108
module.layer3.1.conv3.weight,0.05,76.13,92.85600000000001,0.9608816653490071,0.020356174558401108
module.layer3.1.conv3.weight,0.1,76.144,92.85799999999999,0.9613557579566024,0.020356174558401108
module.layer3.1.conv3.weight,0.15000000000000002,76.118,92.872,0.9615608955524407,0.020356174558401108
module.layer3.1.conv3.weight,0.2,76.122,92.872,0.9611583391622617,0.020356174558401108
module.layer3.1.conv3.weight,0.25,76.114,92.86999999999999,0.9613885964666095,0.020356174558401108
module.layer3.1.conv3.weight,0.30000000000000004,76.13,92.86,0.9621063495168881,0.020356174558401108
module.layer3.1.conv3.weight,0.35000000000000003,76.116,92.876,0.9630915756736481,0.020356174558401108
module.layer3.1.conv3.weight,0.4,76.102,92.874,0.9620730539365691,0.020356174558401108
module.layer3.1.conv3.weight,0.45,76.088,92.85799999999999,0.9630778681258766,0.020356174558401108
module.layer3.1.conv3.weight,0.5,76.048,92.84,0.9636424785974077,0.020356174558401108
module.layer3.1.conv3.weight,0.55,76.076,92.866,0.9660874170308206,0.020356174558401108
module.layer3.1.conv3.weight,0.6000000000000001,76.03999999999999,92.804,0.9648229291244433,0.020356174558401108
module.layer3.1.conv3.weight,0.65,76.008,92.85,0.9661073736390289,0.020356174558401108
module.layer3.1.conv3.weight,0.7000000000000001,75.956,92.85,0.9665725994475036,0.020356174558401108
module.layer3.1.conv3.weight,0.75,75.928,92.822,0.9682065315392552,0.020356174558401108
module.layer3.1.conv3.weight,0.8,75.756,92.782,0.971841147055431,0.020356174558401108
module.layer3.1.conv3.weight,0.8500000000000001,75.644,92.718,0.9779827859328716,0.020356174558401108
module.layer3.1.conv3.weight,0.9,75.318,92.45400000000001,0.9934335052967076,0.020356174558401108
module.layer3.2.conv1.weight,0.0,76.13,92.862,0.9628323553776256,0.01574973575770855
module.layer3.2.conv1.weight,0.05,76.13799999999999,92.862,0.9637895956331375,0.01574973575770855
module.layer3.2.conv1.weight,0.1,76.12400000000001,92.866,0.9619441911274073,0.01574973575770855
module.layer3.2.conv1.weight,0.15000000000000002,76.12400000000001,92.868,0.9623387504597101,0.01574973575770855
module.layer3.2.conv1.weight,0.2,76.128,92.854,0.9607611709103294,0.01574973575770855
module.layer3.2.conv1.weight,0.25,76.1,92.854,0.9624191069481323,0.01574973575770855
module.layer3.2.conv1.weight,0.30000000000000004,76.088,92.866,0.963452577590942,0.01574973575770855
module.layer3.2.conv1.weight,0.35000000000000003,76.094,92.884,0.9617107784261506,0.01574973575770855
module.layer3.2.conv1.weight,0.4,76.122,92.876,0.9618676021999246,0.01574973575770855
module.layer3.2.conv1.weight,0.45,76.056,92.848,0.9619075713717208,0.01574973575770855
module.layer3.2.conv1.weight,0.5,76.064,92.86999999999999,0.9621581413916185,0.01574973575770855
module.layer3.2.conv1.weight,0.55,76.026,92.866,0.9637812643635033,0.01574973575770855
module.layer3.2.conv1.weight,0.6000000000000001,75.998,92.886,0.9634867210169227,0.01574973575770855
module.layer3.2.conv1.weight,0.65,75.988,92.88,0.9654502561505963,0.01574973575770855
module.layer3.2.conv1.weight,0.7000000000000001,75.952,92.894,0.966893411412531,0.01574973575770855
module.layer3.2.conv1.weight,0.75,75.862,92.80199999999999,0.9693487931270992,0.01574973575770855
module.layer3.2.conv1.weight,0.8,75.744,92.746,0.9757027227659617,0.01574973575770855
module.layer3.2.conv1.weight,0.8500000000000001,75.588,92.616,0.9837405070358392,0.01574973575770855
module.layer3.2.conv1.weight,0.9,75.236,92.398,0.9996352478557704,0.01574973575770855
module.layer3.2.conv2.weight,0.0,76.13,92.862,0.9606281445950877,0.015003712847828865
module.layer3.2.conv2.weight,0.05,76.13,92.864,0.9625767037576561,0.015003712847828865
module.layer3.2.conv2.weight,0.1,76.144,92.866,0.9614672450994959,0.015003712847828865
module.layer3.2.conv2.weight,0.15000000000000002,76.142,92.86999999999999,0.9604996600929573,0.015003712847828865
module.layer3.2.conv2.weight,0.2,76.146,92.876,0.9620031392087742,0.015003712847828865
module.layer3.2.conv2.weight,0.25,76.14,92.888,0.9618887086303869,0.015003712847828865
module.layer3.2.conv2.weight,0.30000000000000004,76.114,92.864,0.9629897815840582,0.015003712847828865
module.layer3.2.conv2.weight,0.35000000000000003,76.11,92.872,0.9615214001767486,0.015003712847828865
module.layer3.2.conv2.weight,0.4,76.12400000000001,92.884,0.9622720753660009,0.015003712847828865
module.layer3.2.conv2.weight,0.45,76.122,92.874,0.9622174778154917,0.015003712847828865
module.layer3.2.conv2.weight,0.5,76.092,92.86999999999999,0.9627038663139147,0.015003712847828865
module.layer3.2.conv2.weight,0.55,76.062,92.9,0.9622994332897421,0.015003712847828865
module.layer3.2.conv2.weight,0.6000000000000001,76.058,92.902,0.9630519887622527,0.015003712847828865
module.layer3.2.conv2.weight,0.65,76.022,92.91199999999999,0.9634728218827928,0.015003712847828865
module.layer3.2.conv2.weight,0.7000000000000001,76.036,92.888,0.9661073109933307,0.015003712847828865
module.layer3.2.conv2.weight,0.75,75.94,92.86,0.9698912209394026,0.015003712847828865
module.layer3.2.conv2.weight,0.8,75.774,92.742,0.974643786342776,0.015003712847828865
module.layer3.2.conv2.weight,0.8500000000000001,75.496,92.66,0.9831440476130464,0.015003712847828865
module.layer3.2.conv2.weight,0.9,75.058,92.448,0.9996579429324797,0.015003712847828865
module.layer3.2.conv3.weight,0.0,76.13,92.862,0.9649799222848854,0.0190777275711298
module.layer3.2.conv3.weight,0.05,76.12400000000001,92.86,0.9608806529823615,0.0190777275711298
module.layer3.2.conv3.weight,0.1,76.126,92.85600000000001,0.9617288717809994,0.0190777275711298
module.layer3.2.conv3.weight,0.15000000000000002,76.1,92.852,0.9618404881686577,0.0190777275711298
module.layer3.2.conv3.weight,0.2,76.13600000000001,92.86999999999999,0.9614391427259061,0.0190777275711298
module.layer3.2.conv3.weight,0.25,76.126,92.864,0.9611227554934367,0.0190777275711298
module.layer3.2.conv3.weight,0.30000000000000004,76.092,92.878,0.9628068503676627,0.0190777275711298
module.layer3.2.conv3.weight,0.35000000000000003,76.088,92.894,0.962408826971541,0.0190777275711298
module.layer3.2.conv3.weight,0.4,76.068,92.88,0.9635693932674368,0.0190777275711298
module.layer3.2.conv3.weight,0.45,76.036,92.88,0.9639406152525724,0.0190777275711298
module.layer3.2.conv3.weight,0.5,76.036,92.85600000000001,0.9662290884523973,0.0190777275711298
module.layer3.2.conv3.weight,0.55,76.018,92.822,0.9663288593292233,0.0190777275711298
module.layer3.2.conv3.weight,0.6000000000000001,75.97,92.824,0.9681863842570053,0.0190777275711298
module.layer3.2.conv3.weight,0.65,75.822,92.83,0.9697288207861843,0.0190777275711298
module.layer3.2.conv3.weight,0.7000000000000001,75.798,92.828,0.9743556617474072,0.0190777275711298
module.layer3.2.conv3.weight,0.75,75.792,92.784,0.9785983754055838,0.0190777275711298
module.layer3.2.conv3.weight,0.8,75.642,92.732,0.9860534801775097,0.0190777275711298
module.layer3.2.conv3.weight,0.8500000000000001,75.466,92.66,0.9960850458972306,0.0190777275711298
module.layer3.2.conv3.weight,0.9,75.116,92.514,1.0108978553694121,0.0190777275711298
module.layer3.3.conv1.weight,0.0,76.13,92.862,0.9616298137270675,0.01734309084713459
module.layer3.3.conv1.weight,0.05,76.132,92.85799999999999,0.9612933622331035,0.01734309084713459
module.layer3.3.conv1.weight,0.1,76.128,92.854,0.9621577421013187,0.01734309084713459
module.layer3.3.conv1.weight,0.15000000000000002,76.132,92.86,0.9611032951851284,0.01734309084713459
module.layer3.3.conv1.weight,0.2,76.12,92.85799999999999,0.9613035929446319,0.01734309084713459
module.layer3.3.conv1.weight,0.25,76.116,92.866,0.9620840966093299,0.01734309084713459
module.layer3.3.conv1.weight,0.30000000000000004,76.076,92.878,0.9612792435349252,0.01734309084713459
module.layer3.3.conv1.weight,0.35000000000000003,76.08200000000001,92.886,0.9622127106603312,0.01734309084713459
module.layer3.3.conv1.weight,0.4,76.106,92.894,0.9614249373577078,0.01734309084713459
module.layer3.3.conv1.weight,0.45,76.078,92.884,0.9618043200093871,0.01734309084713459
module.layer3.3.conv1.weight,0.5,76.048,92.886,0.9619047523153068,0.01734309084713459
module.layer3.3.conv1.weight,0.55,76.046,92.91,0.9619239331508171,0.01734309084713459
module.layer3.3.conv1.weight,0.6000000000000001,75.974,92.902,0.9636977439632219,0.01734309084713459
module.layer3.3.conv1.weight,0.65,75.906,92.92200000000001,0.9639592091647946,0.01734309084713459
module.layer3.3.conv1.weight,0.7000000000000001,75.896,92.84,0.9653382988608615,0.01734309084713459
module.layer3.3.conv1.weight,0.75,75.818,92.78800000000001,0.971100877742378,0.01734309084713459
module.layer3.3.conv1.weight,0.8,75.646,92.726,0.9776382984555501,0.01734309084713459
module.layer3.3.conv1.weight,0.8500000000000001,75.32,92.58,0.9926448592117856,0.01734309084713459
module.layer3.3.conv1.weight,0.9,74.664,92.14,1.024514277370608,0.01734309084713459
module.layer3.3.conv2.weight,0.0,76.13,92.862,0.9626536183819483,0.014925641939043999
module.layer3.3.conv2.weight,0.05,76.13600000000001,92.864,0.961471571910138,0.014925641939043999
module.layer3.3.conv2.weight,0.1,76.132,92.862,0.962006398001496,0.014925641939043999
module.layer3.3.conv2.weight,0.15000000000000002,76.126,92.85799999999999,0.9623626677357422,0.014925641939043999
module.layer3.3.conv2.weight,0.2,76.09,92.854,0.9617515416169652,0.014925641939043999
module.layer3.3.conv2.weight,0.25,76.08200000000001,92.872,0.9621812187287276,0.014925641939043999
module.layer3.3.conv2.weight,0.30000000000000004,76.064,92.85799999999999,0.9626716989643724,0.014925641939043999
module.layer3.3.conv2.weight,0.35000000000000003,76.05,92.85600000000001,0.9620298037723619,0.014925641939043999
module.layer3.3.conv2.weight,0.4,76.05,92.86999999999999,0.9626513765174517,0.014925641939043999
module.layer3.3.conv2.weight,0.45,76.05199999999999,92.88,0.9624502838266139,0.014925641939043999
module.layer3.3.conv2.weight,0.5,76.0,92.876,0.9635925518006695,0.014925641939043999
module.layer3.3.conv2.weight,0.55,76.00200000000001,92.852,0.9642722463729432,0.014925641939043999
module.layer3.3.conv2.weight,0.6000000000000001,75.948,92.854,0.9675558626043557,0.014925641939043999
module.layer3.3.conv2.weight,0.65,75.742,92.796,0.9717999714977887,0.014925641939043999
module.layer3.3.conv2.weight,0.7000000000000001,75.592,92.72399999999999,0.9765002371705306,0.014925641939043999
module.layer3.3.conv2.weight,0.75,75.36,92.646,0.9846807532772722,0.014925641939043999
module.layer3.3.conv2.weight,0.8,74.972,92.452,1.0024758741563675,0.014925641939043999
module.layer3.3.conv2.weight,0.8500000000000001,74.356,92.13,1.0301839438628178,0.014925641939043999
module.layer3.3.conv2.weight,0.9,73.336,91.538,1.074784465894407,0.014925641939043999
module.layer3.3.conv3.weight,0.0,76.13,92.862,0.9613855362546687,0.018210696056485176
module.layer3.3.conv3.weight,0.05,76.134,92.866,0.9623984627577723,0.018210696056485176
module.layer3.3.conv3.weight,0.1,76.13600000000001,92.86999999999999,0.9624331821592486,0.018210696056485176
module.layer3.3.conv3.weight,0.15000000000000002,76.128,92.864,0.9637358483611324,0.018210696056485176
module.layer3.3.conv3.weight,0.2,76.13,92.86,0.9627737509352821,0.018210696056485176
module.layer3.3.conv3.weight,0.25,76.132,92.85,0.9633711433532288,0.018210696056485176
module.layer3.3.conv3.weight,0.30000000000000004,76.11,92.84599999999999,0.9618383205058625,0.018210696056485176
module.layer3.3.conv3.weight,0.35000000000000003,76.102,92.854,0.9620072859890603,0.018210696056485176
module.layer3.3.conv3.weight,0.4,76.08200000000001,92.866,0.9627488903245147,0.018210696056485176
module.layer3.3.conv3.weight,0.45,76.01,92.862,0.9616576700794446,0.018210696056485176
module.layer3.3.conv3.weight,0.5,76.02,92.886,0.9622036106124218,0.018210696056485176
module.layer3.3.conv3.weight,0.55,76.086,92.848,0.9632625601121358,0.018210696056485176
module.layer3.3.conv3.weight,0.6000000000000001,76.028,92.84599999999999,0.9660701663518433,0.018210696056485176
module.layer3.3.conv3.weight,0.65,75.99000000000001,92.83399999999999,0.9681215842767638,0.018210696056485176
module.layer3.3.conv3.weight,0.7000000000000001,75.968,92.77,0.9701212532058058,0.018210696056485176
module.layer3.3.conv3.weight,0.75,75.908,92.758,0.9743355865381202,0.018210696056485176
module.layer3.3.conv3.weight,0.8,75.774,92.71000000000001,0.977639771845876,0.018210696056485176
module.layer3.3.conv3.weight,0.8500000000000001,75.642,92.692,0.9861738709162693,0.018210696056485176
module.layer3.3.conv3.weight,0.9,75.342,92.55799999999999,0.9986015150741657,0.018210696056485176
module.layer3.4.conv1.weight,0.0,76.13,92.862,0.9624190166288492,0.01811075024306774
module.layer3.4.conv1.weight,0.05,76.132,92.868,0.961004377323754,0.01811075024306774
module.layer3.4.conv1.weight,0.1,76.128,92.86999999999999,0.9618357523363464,0.01811075024306774
module.layer3.4.conv1.weight,0.15000000000000002,76.13,92.866,0.9626881723501243,0.01811075024306774
module.layer3.4.conv1.weight,0.2,76.12400000000001,92.862,0.9613347010953088,0.01811075024306774
module.layer3.4.conv1.weight,0.25,76.11,92.85600000000001,0.9623826626612219,0.01811075024306774
module.layer3.4.conv1.weight,0.30000000000000004,76.094,92.872,0.964289292693138,0.01811075024306774
module.layer3.4.conv1.weight,0.35000000000000003,76.102,92.868,0.9619986646029415,0.01811075024306774
module.layer3.4.conv1.weight,0.4,76.13600000000001,92.86,0.9639140887528046,0.01811075024306774
module.layer3.4.conv1.weight,0.45,76.098,92.842,0.9650460451233137,0.01811075024306774
module.layer3.4.conv1.weight,0.5,76.072,92.842,0.9652855581775005,0.01811075024306774
module.layer3.4.conv1.weight,0.55,76.042,92.874,0.9652720860072544,0.01811075024306774
module.layer3.4.conv1.weight,0.6000000000000001,75.992,92.85799999999999,0.968563356569835,0.01811075024306774
module.layer3.4.conv1.weight,0.65,75.89,92.828,0.9698402690035959,0.01811075024306774
module.layer3.4.conv1.weight,0.7000000000000001,75.72,92.746,0.9760893002456549,0.01811075024306774
module.layer3.4.conv1.weight,0.75,75.598,92.66,0.9842926957169358,0.01811075024306774
module.layer3.4.conv1.weight,0.8,75.18,92.44,1.0011363655936953,0.01811075024306774
module.layer3.4.conv1.weight,0.8500000000000001,74.544,91.97800000000001,1.0318849740587936,0.01811075024306774
module.layer3.4.conv1.weight,0.9,73.188,91.226,1.0926475026169593,0.01811075024306774
module.layer3.4.conv2.weight,0.0,76.13,92.862,0.9604603027810857,0.014872273430228233
module.layer3.4.conv2.weight,0.05,76.13600000000001,92.864,0.9620328037714472,0.014872273430228233
module.layer3.4.conv2.weight,0.1,76.128,92.866,0.9628396362674474,0.014872273430228233
module.layer3.4.conv2.weight,0.15000000000000002,76.12,92.85600000000001,0.9619113450147669,0.014872273430228233
module.layer3.4.conv2.weight,0.2,76.122,92.86,0.962953465325492,0.014872273430228233
module.layer3.4.conv2.weight,0.25,76.106,92.878,0.9631290691239491,0.014872273430228233
module.layer3.4.conv2.weight,0.30000000000000004,76.096,92.878,0.9632075605343801,0.014872273430228233
module.layer3.4.conv2.weight,0.35000000000000003,76.08200000000001,92.89,0.9633009905109602,0.014872273430228233
module.layer3.4.conv2.weight,0.4,76.112,92.878,0.9629594160585989,0.014872273430228233
module.layer3.4.conv2.weight,0.45,76.152,92.854,0.9650976177381012,0.014872273430228233
module.layer3.4.conv2.weight,0.5,76.03999999999999,92.874,0.964093122555285,0.014872273430228233
module.layer3.4.conv2.weight,0.55,76.034,92.85,0.9661599111800293,0.014872273430228233
module.layer3.4.conv2.weight,0.6000000000000001,75.908,92.848,0.9699397406407768,0.014872273430228233
module.layer3.4.conv2.weight,0.65,75.912,92.77,0.9702421150037218,0.014872273430228233
module.layer3.4.conv2.weight,0.7000000000000001,75.736,92.73400000000001,0.9743480919575205,0.014872273430228233
module.layer3.4.conv2.weight,0.75,75.606,92.586,0.9843504349796138,0.014872273430228233
module.layer3.4.conv2.weight,0.8,75.248,92.458,0.9980697942023372,0.014872273430228233
module.layer3.4.conv2.weight,0.8500000000000001,74.638,92.148,1.0220131919700268,0.014872273430228233
module.layer3.4.conv2.weight,0.9,73.728,91.632,1.06671755289545,0.014872273430228233
module.layer3.4.conv3.weight,0.0,76.13,92.862,0.9604127121214964,0.018152689561247826
module.layer3.4.conv3.weight,0.05,76.12400000000001,92.864,0.9623032628881684,0.018152689561247826
module.layer3.4.conv3.weight,0.1,76.12,92.864,0.961984181890682,0.018152689561247826
module.layer3.4.conv3.weight,0.15000000000000002,76.13,92.866,0.9607517247905536,0.018152689561247826
module.layer3.4.conv3.weight,0.2,76.12400000000001,92.864,0.9603353623224764,0.018152689561247826
module.layer3.4.conv3.weight,0.25,76.106,92.872,0.9620199483268117,0.018152689561247826
module.layer3.4.conv3.weight,0.30000000000000004,76.094,92.876,0.9605537707708317,0.018152689561247826
module.layer3.4.conv3.weight,0.35000000000000003,76.112,92.886,0.9615053613575136,0.018152689561247826
module.layer3.4.conv3.weight,0.4,76.104,92.884,0.9623938199816922,0.018152689561247826
module.layer3.4.conv3.weight,0.45,76.08,92.898,0.9639445482468121,0.018152689561247826
module.layer3.4.conv3.weight,0.5,76.03999999999999,92.906,0.9638047999873453,0.018152689561247826
module.layer3.4.conv3.weight,0.55,76.078,92.91,0.9643937470961594,0.018152689561247826
module.layer3.4.conv3.weight,0.6000000000000001,76.03800000000001,92.908,0.9647062220135516,0.018152689561247826
module.layer3.4.conv3.weight,0.65,75.982,92.888,0.9681524728633916,0.018152689561247826
module.layer3.4.conv3.weight,0.7000000000000001,75.88000000000001,92.83399999999999,0.9691620937415537,0.018152689561247826
module.layer3.4.conv3.weight,0.75,75.842,92.83,0.9743340958137905,0.018152689561247826
module.layer3.4.conv3.weight,0.8,75.744,92.776,0.9795695962954538,0.018152689561247826
module.layer3.4.conv3.weight,0.8500000000000001,75.524,92.662,0.9891304097005303,0.018152689561247826
module.layer3.4.conv3.weight,0.9,75.2,92.482,1.006958642784431,0.018152689561247826
module.layer3.5.conv1.weight,0.0,76.13,92.862,0.9618066254318973,0.019703606143593788
module.layer3.5.conv1.weight,0.05,76.13600000000001,92.862,0.9618302008935381,0.019703606143593788
module.layer3.5.conv1.weight,0.1,76.128,92.872,0.9619846094627765,0.019703606143593788
module.layer3.5.conv1.weight,0.15000000000000002,76.12400000000001,92.874,0.9604963791005463,0.019703606143593788
module.layer3.5.conv1.weight,0.2,76.128,92.854,0.9626741692119714,0.019703606143593788
module.layer3.5.conv1.weight,0.25,76.13,92.83399999999999,0.9622398131355949,0.019703606143593788
module.layer3.5.conv1.weight,0.30000000000000004,76.13,92.854,0.9633293851297726,0.019703606143593788
module.layer3.5.conv1.weight,0.35000000000000003,76.1,92.86999999999999,0.9611738555285398,0.019703606143593788
module.layer3.5.conv1.weight,0.4,76.088,92.876,0.9619307244310574,0.019703606143593788
module.layer3.5.conv1.weight,0.45,76.05,92.806,0.964895719472243,0.019703606143593788
module.layer3.5.conv1.weight,0.5,75.982,92.804,0.9653644957104509,0.019703606143593788
module.layer3.5.conv1.weight,0.55,75.884,92.794,0.9685089947009575,0.019703606143593788
module.layer3.5.conv1.weight,0.6000000000000001,75.81599999999999,92.738,0.9728762090814361,0.019703606143593788
module.layer3.5.conv1.weight,0.65,75.712,92.73,0.9752944057085076,0.019703606143593788
module.layer3.5.conv1.weight,0.7000000000000001,75.588,92.622,0.98507858356651,0.019703606143593788
module.layer3.5.conv1.weight,0.75,75.246,92.418,1.0027714575431785,0.019703606143593788
module.layer3.5.conv1.weight,0.8,74.612,92.06400000000001,1.0270375831394785,0.019703606143593788
module.layer3.5.conv1.weight,0.8500000000000001,73.646,91.46,1.0708836420458188,0.019703606143593788
module.layer3.5.conv1.weight,0.9,70.872,89.97,1.1880924768593846,0.019703606143593788
module.layer3.5.conv2.weight,0.0,76.13,92.862,0.9624258875846863,0.015241550281643867
module.layer3.5.conv2.weight,0.05,76.12400000000001,92.866,0.9609665891953876,0.015241550281643867
module.layer3.5.conv2.weight,0.1,76.128,92.866,0.9625882393851573,0.015241550281643867
module.layer3.5.conv2.weight,0.15000000000000002,76.128,92.872,0.9629991507651852,0.015241550281643867
module.layer3.5.conv2.weight,0.2,76.112,92.872,0.9634762309035477,0.015241550281643867
module.layer3.5.conv2.weight,0.25,76.118,92.882,0.9613980775584984,0.015241550281643867
module.layer3.5.conv2.weight,0.30000000000000004,76.08200000000001,92.902,0.9631236904129686,0.015241550281643867
module.layer3.5.conv2.weight,0.35000000000000003,76.08,92.906,0.9628630362603129,0.015241550281643867
module.layer3.5.conv2.weight,0.4,76.01599999999999,92.908,0.9629177137905238,0.015241550281643867
module.layer3.5.conv2.weight,0.45,75.944,92.892,0.9653405309939866,0.015241550281643867
module.layer3.5.conv2.weight,0.5,75.972,92.876,0.9648694520702172,0.015241550281643867
module.layer3.5.conv2.weight,0.55,75.956,92.878,0.9662388961534111,0.015241550281643867
module.layer3.5.conv2.weight,0.6000000000000001,75.936,92.86999999999999,0.9691160363810403,0.015241550281643867
module.layer3.5.conv2.weight,0.65,75.832,92.83399999999999,0.971422597157712,0.015241550281643867
module.layer3.5.conv2.weight,0.7000000000000001,75.622,92.784,0.9798970517455318,0.015241550281643867
module.layer3.5.conv2.weight,0.75,75.436,92.702,0.988300898549508,0.015241550281643867
module.layer3.5.conv2.weight,0.8,75.116,92.55,1.0010379665360158,0.015241550281643867
module.layer3.5.conv2.weight,0.8500000000000001,74.644,92.234,1.0239820331335066,0.015241550281643867
module.layer3.5.conv2.weight,0.9,73.69200000000001,91.662,1.0643352236674746,0.015241550281643867
module.layer3.5.conv3.weight,0.0,76.13,92.862,0.9620601452734999,0.01923462748527527
module.layer3.5.conv3.weight,0.05,76.12,92.86999999999999,0.9611232204704871,0.01923462748527527
module.layer3.5.conv3.weight,0.1,76.128,92.866,0.9610983580350876,0.01923462748527527
module.layer3.5.conv3.weight,0.15000000000000002,76.144,92.876,0.9607757336022903,0.01923462748527527
module.layer3.5.conv3.weight,0.2,76.12,92.884,0.963195609803102,0.01923462748527527
module.layer3.5.conv3.weight,0.25,76.13600000000001,92.9,0.9633038983661301,0.01923462748527527
module.layer3.5.conv3.weight,0.30000000000000004,76.15,92.884,0.9633204927858047,0.01923462748527527
module.layer3.5.conv3.weight,0.35000000000000003,76.092,92.896,0.9625573669161114,0.01923462748527527
module.layer3.5.conv3.weight,0.4,76.11,92.898,0.9636437293826317,0.01923462748527527
module.layer3.5.conv3.weight,0.45,76.112,92.86,0.9634233409044689,0.01923462748527527
module.layer3.5.conv3.weight,0.5,76.058,92.854,0.9652134478092196,0.01923462748527527
module.layer3.5.conv3.weight,0.55,76.02,92.816,0.9678094864499813,0.01923462748527527
module.layer3.5.conv3.weight,0.6000000000000001,75.996,92.83399999999999,0.9675042991127288,0.01923462748527527
module.layer3.5.conv3.weight,0.65,75.946,92.756,0.970833446602432,0.01923462748527527
module.layer3.5.conv3.weight,0.7000000000000001,75.788,92.728,0.9756611333209639,0.01923462748527527
module.layer3.5.conv3.weight,0.75,75.654,92.688,0.9815996775821768,0.01923462748527527
module.layer3.5.conv3.weight,0.8,75.446,92.62599999999999,0.9882147984237089,0.01923462748527527
module.layer3.5.conv3.weight,0.8500000000000001,75.134,92.488,1.001141718151617,0.01923462748527527
module.layer3.5.conv3.weight,0.9,74.642,92.22399999999999,1.021432462699559,0.01923462748527527
module.layer4.0.conv1.weight,0.0,76.13,92.862,0.9620595826786387,0.02379753254354
module.layer4.0.conv1.weight,0.05,76.122,92.866,0.96208493867699,0.02379753254354
module.layer4.0.conv1.weight,0.1,76.108,92.862,0.9618318284652672,0.02379753254354
module.layer4.0.conv1.weight,0.15000000000000002,76.09,92.84599999999999,0.9632131731023595,0.02379753254354
module.layer4.0.conv1.weight,0.2,76.05999999999999,92.816,0.963165517060124,0.02379753254354
module.layer4.0.conv1.weight,0.25,76.062,92.83399999999999,0.9634857761616613,0.02379753254354
module.layer4.0.conv1.weight,0.30000000000000004,76.08200000000001,92.824,0.9641253282220996,0.02379753254354
module.layer4.0.conv1.weight,0.35000000000000003,76.07,92.82000000000001,0.9662941356702727,0.02379753254354
module.layer4.0.conv1.weight,0.4,75.992,92.83200000000001,0.9670812703517023,0.02379753254354
module.layer4.0.conv1.weight,0.45,75.954,92.754,0.9712962176726787,0.02379753254354
module.layer4.0.conv1.weight,0.5,75.852,92.688,0.974983919639977,0.02379753254354
module.layer4.0.conv1.weight,0.55,75.624,92.65,0.9797395981696188,0.02379753254354
module.layer4.0.conv1.weight,0.6000000000000001,75.394,92.634,0.9849618940937279,0.02379753254354
module.layer4.0.conv1.weight,0.65,75.068,92.49199999999999,0.9976248634713043,0.02379753254354
module.layer4.0.conv1.weight,0.7000000000000001,74.646,92.374,1.0141510595472485,0.02379753254354
module.layer4.0.conv1.weight,0.75,74.094,92.036,1.0382761249736863,0.02379753254354
module.layer4.0.conv1.weight,0.8,73.17,91.572,1.0766875257297446,0.02379753254354
module.layer4.0.conv1.weight,0.8500000000000001,71.58200000000001,90.546,1.1506992277442194,0.02379753254354
module.layer4.0.conv1.weight,0.9,68.716,89.064,1.2701123016221176,0.02379753254354
module.layer4.0.conv2.weight,0.0,76.13,92.862,0.9616946270879435,0.012554669752717018
module.layer4.0.conv2.weight,0.05,76.132,92.864,0.9623402250664577,0.012554669752717018
module.layer4.0.conv2.weight,0.1,76.13,92.868,0.9623504344906124,0.012554669752717018
module.layer4.0.conv2.weight,0.15000000000000002,76.112,92.872,0.961961711851918,0.012554669752717018
module.layer4.0.conv2.weight,0.2,76.102,92.882,0.9619570480925698,0.012554669752717018
module.layer4.0.conv2.weight,0.25,76.098,92.862,0.9625568079705142,0.012554669752717018
module.layer4.0.conv2.weight,0.30000000000000004,76.08200000000001,92.874,0.9623713383869247,0.012554669752717018
module.layer4.0.conv2.weight,0.35000000000000003,76.03999999999999,92.85,0.9626314396760904,0.012554669752717018
module.layer4.0.conv2.weight,0.4,76.05,92.866,0.9615275637835873,0.012554669752717018
module.layer4.0.conv2.weight,0.45,76.042,92.85600000000001,0.9624055383764968,0.012554669752717018
module.layer4.0.conv2.weight,0.5,75.98,92.894,0.9655711961035823,0.012554669752717018
module.layer4.0.conv2.weight,0.55,75.94,92.85799999999999,0.9673613547062392,0.012554669752717018
module.layer4.0.conv2.weight,0.6000000000000001,75.9,92.796,0.9719115456148075,0.012554669752717018
module.layer4.0.conv2.weight,0.65,75.678,92.662,0.9758959883938029,0.012554669752717018
module.layer4.0.conv2.weight,0.7000000000000001,75.28399999999999,92.486,0.989013854946409,0.012554669752717018
module.layer4.0.conv2.weight,0.75,74.664,92.208,1.0116171584445592,0.012554669752717018
module.layer4.0.conv2.weight,0.8,73.57199999999999,91.66,1.0587691655572578,0.012554669752717018
module.layer4.0.conv2.weight,0.8500000000000001,71.56400000000001,90.526,1.1551112167689266,0.012554669752717018
module.layer4.0.conv2.weight,0.9,66.274,87.40400000000001,1.4261306740191515,0.012554669752717018
module.layer4.0.conv3.weight,0.0,76.13,92.862,0.9605107578087828,0.015292257070541382
module.layer4.0.conv3.weight,0.05,76.144,92.866,0.9620264421920389,0.015292257070541382
module.layer4.0.conv3.weight,0.1,76.13799999999999,92.868,0.9617320037617976,0.015292257070541382
module.layer4.0.conv3.weight,0.15000000000000002,76.122,92.874,0.9635638527724206,0.015292257070541382
module.layer4.0.conv3.weight,0.2,76.094,92.868,0.9631375165618198,0.015292257070541382
module.layer4.0.conv3.weight,0.25,76.116,92.864,0.9635643904306452,0.015292257070541382
module.layer4.0.conv3.weight,0.30000000000000004,76.072,92.868,0.9633685849150836,0.015292257070541382
module.layer4.0.conv3.weight,0.35000000000000003,76.046,92.852,0.963754750940265,0.015292257070541382
module.layer4.0.conv3.weight,0.4,75.972,92.84,0.9630792889059806,0.015292257070541382
module.layer4.0.conv3.weight,0.45,75.952,92.84400000000001,0.964724322362822,0.015292257070541382
module.layer4.0.conv3.weight,0.5,75.912,92.808,0.9675635874879605,0.015292257070541382
module.layer4.0.conv3.weight,0.55,75.83800000000001,92.786,0.9692575016192029,0.015292257070541382
module.layer4.0.conv3.weight,0.6000000000000001,75.64999999999999,92.682,0.9738777304182248,0.015292257070541382
module.layer4.0.conv3.weight,0.65,75.44999999999999,92.562,0.9799678885206884,0.015292257070541382
module.layer4.0.conv3.weight,0.7000000000000001,75.16000000000001,92.49199999999999,0.9871909673116643,0.015292257070541382
module.layer4.0.conv3.weight,0.75,74.824,92.354,1.0007403678431803,0.015292257070541382
module.layer4.0.conv3.weight,0.8,74.12,92.012,1.0258248849790919,0.015292257070541382
module.layer4.0.conv3.weight,0.8500000000000001,73.056,91.448,1.0785717848612346,0.015292257070541382
module.layer4.0.conv3.weight,0.9,71.182,90.49000000000001,1.1858943886294655,0.015292257070541382
module.layer4.0.downsample.0.weight,0.0,76.13,92.862,0.9629894014523954,0.009935403242707253
module.layer4.0.downsample.0.weight,0.05,76.13,92.868,0.96163800115488,0.009935403242707253
module.layer4.0.downsample.0.weight,0.1,76.144,92.86999999999999,0.9615803452170625,0.009935403242707253
module.layer4.0.downsample.0.weight,0.15000000000000002,76.116,92.872,0.963713717399811,0.009935403242707253
module.layer4.0.downsample.0.weight,0.2,76.104,92.884,0.9624449838789142,0.009935403242707253
module.layer4.0.downsample.0.weight,0.25,76.102,92.892,0.9614522624380732,0.009935403242707253
module.layer4.0.downsample.0.weight,0.30000000000000004,76.092,92.892,0.9609172690887842,0.009935403242707253
module.layer4.0.downsample.0.weight,0.35000000000000003,76.084,92.874,0.9618506936394441,0.009935403242707253
module.layer4.0.downsample.0.weight,0.4,76.046,92.886,0.9614086893140049,0.009935403242707253
module.layer4.0.downsample.0.weight,0.45,76.05199999999999,92.864,0.9613001386121826,0.009935403242707253
module.layer4.0.downsample.0.weight,0.5,75.96000000000001,92.904,0.9613339523879848,0.009935403242707253
module.layer4.0.downsample.0.weight,0.55,75.964,92.93599999999999,0.9593790985491809,0.009935403242707253
module.layer4.0.downsample.0.weight,0.6000000000000001,75.958,92.914,0.961321017267753,0.009935403242707253
module.layer4.0.downsample.0.weight,0.65,75.826,92.914,0.9632042977882891,0.009935403242707253
module.layer4.0.downsample.0.weight,0.7000000000000001,75.728,92.848,0.9653304277025926,0.009935403242707253
module.layer4.0.downsample.0.weight,0.75,75.58,92.822,0.9693209334295622,0.009935403242707253
module.layer4.0.downsample.0.weight,0.8,75.414,92.75999999999999,0.9723359592715092,0.009935403242707253
module.layer4.0.downsample.0.weight,0.8500000000000001,75.25,92.622,0.9818092326120457,0.009935403242707253
module.layer4.0.downsample.0.weight,0.9,74.944,92.444,0.9949603466963283,0.009935403242707253
module.layer4.1.conv1.weight,0.0,76.13,92.862,0.9633517402167224,0.014721885323524475
module.layer4.1.conv1.weight,0.05,76.12,92.862,0.960565231588422,0.014721885323524475
module.layer4.1.conv1.weight,0.1,76.13799999999999,92.866,0.9627628317292853,0.014721885323524475
module.layer4.1.conv1.weight,0.15000000000000002,76.128,92.85600000000001,0.9620562746208543,0.014721885323524475
module.layer4.1.conv1.weight,0.2,76.102,92.84,0.9616854005322166,0.014721885323524475
module.layer4.1.conv1.weight,0.25,76.068,92.83,0.9635453865844374,0.014721885323524475
module.layer4.1.conv1.weight,0.30000000000000004,76.03,92.848,0.9634718645592125,0.014721885323524475
module.layer4.1.conv1.weight,0.35000000000000003,76.028,92.81,0.9651777911551146,0.014721885323524475
module.layer4.1.conv1.weight,0.4,76.03,92.82000000000001,0.9701135380535709,0.014721885323524475
module.layer4.1.conv1.weight,0.45,75.946,92.784,0.9746341452914838,0.014721885323524475
module.layer4.1.conv1.weight,0.5,75.886,92.758,0.9824830092945878,0.014721885323524475
module.layer4.1.conv1.weight,0.55,75.756,92.622,0.9923632287857475,0.014721885323524475
module.layer4.1.conv1.weight,0.6000000000000001,75.50200000000001,92.51,1.008197560298199,0.014721885323524475
module.layer4.1.conv1.weight,0.65,74.952,92.282,1.0314094643203577,0.014721885323524475
module.layer4.1.conv1.weight,0.7000000000000001,74.242,91.944,1.0668613348080194,0.014721885323524475
module.layer4.1.conv1.weight,0.75,73.03200000000001,91.186,1.1303708516821565,0.014721885323524475
module.layer4.1.conv1.weight,0.8,70.818,89.968,1.2273093212623976,0.014721885323524475
module.layer4.1.conv1.weight,0.8500000000000001,66.386,86.92999999999999,1.4510672007288252,0.014721885323524475
module.layer4.1.conv1.weight,0.9,56.374,79.192,2.0297082194260168,0.014721885323524475
module.layer4.1.conv2.weight,0.0,76.13,92.862,0.961968114485546,0.01229534950107336
module.layer4.1.conv2.weight,0.05,76.134,92.85799999999999,0.961559191042063,0.01229534950107336
module.layer4.1.conv2.weight,0.1,76.102,92.84400000000001,0.9624150164273323,0.01229534950107336
module.layer4.1.conv2.weight,0.15000000000000002,76.08200000000001,92.854,0.9611045538770907,0.01229534950107336
module.layer4.1.conv2.weight,0.2,76.08,92.882,0.9617566156144044,0.01229534950107336
module.layer4.1.conv2.weight,0.25,76.068,92.882,0.9600715290526957,0.01229534950107336
module.layer4.1.conv2.weight,0.30000000000000004,76.046,92.916,0.9618220158985684,0.01229534950107336
module.layer4.1.conv2.weight,0.35000000000000003,76.05999999999999,92.882,0.9590774132889144,0.01229534950107336
module.layer4.1.conv2.weight,0.4,76.024,92.882,0.9612895706478429,0.01229534950107336
module.layer4.1.conv2.weight,0.45,75.96199999999999,92.85,0.9595083807195938,0.01229534950107336
module.layer4.1.conv2.weight,0.5,75.83800000000001,92.852,0.959058975078622,0.01229534950107336
module.layer4.1.conv2.weight,0.55,75.82,92.78999999999999,0.9597047917088684,0.01229534950107336
module.layer4.1.conv2.weight,0.6000000000000001,75.67399999999999,92.714,0.9645855396377797,0.01229534950107336
module.layer4.1.conv2.weight,0.65,75.30799999999999,92.65,0.9767949775773652,0.01229534950107336
module.layer4.1.conv2.weight,0.7000000000000001,74.81400000000001,92.36,1.008226019691447,0.01229534950107336
module.layer4.1.conv2.weight,0.75,73.93,91.96,1.0707247801581206,0.01229534950107336
module.layer4.1.conv2.weight,0.8,72.026,91.06,1.227845974114477,0.01229534950107336
module.layer4.1.conv2.weight,0.8500000000000001,69.288,89.49000000000001,1.5360901185444427,0.01229534950107336
module.layer4.1.conv2.weight,0.9,63.528000000000006,85.87599999999999,2.09457040927848,0.01229534950107336
module.layer4.1.conv3.weight,0.0,76.13,92.862,0.9616292760688432,0.014951563440263271
module.layer4.1.conv3.weight,0.05,76.13,92.862,0.9614916574590054,0.014951563440263271
module.layer4.1.conv3.weight,0.1,76.1,92.862,0.9622085906413134,0.014951563440263271
module.layer4.1.conv3.weight,0.15000000000000002,76.108,92.854,0.9620368866896142,0.014951563440263271
module.layer4.1.conv3.weight,0.2,76.114,92.854,0.9620523562236704,0.014951563440263271
module.layer4.1.conv3.weight,0.25,76.122,92.86,0.9618978448668306,0.014951563440263271
module.layer4.1.conv3.weight,0.30000000000000004,76.13,92.848,0.9615243983512026,0.014951563440263271
module.layer4.1.conv3.weight,0.35000000000000003,76.08,92.874,0.9624903503121163,0.014951563440263271
module.layer4.1.conv3.weight,0.4,75.992,92.85,0.9636292363307911,0.014951563440263271
module.layer4.1.conv3.weight,0.45,75.978,92.842,0.9652656487056187,0.014951563440263271
module.layer4.1.conv3.weight,0.5,75.926,92.84,0.9676758057000686,0.014951563440263271
module.layer4.1.conv3.weight,0.55,75.88000000000001,92.786,0.9676860373239129,0.014951563440263271
module.layer4.1.conv3.weight,0.6000000000000001,75.774,92.714,0.9689710593345214,0.014951563440263271
module.layer4.1.conv3.weight,0.65,75.676,92.648,0.9720259184131818,0.014951563440263271
module.layer4.1.conv3.weight,0.7000000000000001,75.534,92.60000000000001,0.9773719064435182,0.014951563440263271
module.layer4.1.conv3.weight,0.75,75.336,92.518,0.9874077393692366,0.014951563440263271
module.layer4.1.conv3.weight,0.8,74.99199999999999,92.378,0.9998852336893274,0.014951563440263271
module.layer4.1.conv3.weight,0.8500000000000001,74.454,92.06400000000001,1.0232996603055877,0.014951563440263271
module.layer4.1.conv3.weight,0.9,73.424,91.702,1.0683098931093606,0.014951563440263271
module.layer4.2.conv1.weight,0.0,76.13,92.862,0.9611186570658978,0.018132764846086502
module.layer4.2.conv1.weight,0.05,76.122,92.854,0.9605257425989427,0.018132764846086502
module.layer4.2.conv1.weight,0.1,76.116,92.886,0.9611922459942954,0.018132764846086502
module.layer4.2.conv1.weight,0.15000000000000002,76.112,92.894,0.9626629376898004,0.018132764846086502
module.layer4.2.conv1.weight,0.2,76.128,92.892,0.9621434704381593,0.018132764846086502
module.layer4.2.conv1.weight,0.25,76.088,92.904,0.9646824829432433,0.018132764846086502
module.layer4.2.conv1.weight,0.30000000000000004,76.088,92.906,0.9660793862172536,0.018132764846086502
module.layer4.2.conv1.weight,0.35000000000000003,76.018,92.886,0.9684111311727642,0.018132764846086502
module.layer4.2.conv1.weight,0.4,75.968,92.852,0.9692716029833772,0.018132764846086502
module.layer4.2.conv1.weight,0.45,75.912,92.81200000000001,0.9746432845689814,0.018132764846086502
module.layer4.2.conv1.weight,0.5,75.844,92.78800000000001,0.9791696327073227,0.018132764846086502
module.layer4.2.conv1.weight,0.55,75.682,92.694,0.9865156007664541,0.018132764846086502
module.layer4.2.conv1.weight,0.6000000000000001,75.44,92.606,0.9984443096482019,0.018132764846086502
module.layer4.2.conv1.weight,0.65,75.164,92.418,1.017550272296885,0.018132764846086502
module.layer4.2.conv1.weight,0.7000000000000001,74.732,92.22399999999999,1.037193509388944,0.018132764846086502
module.layer4.2.conv1.weight,0.75,73.848,91.744,1.073434068840377,0.018132764846086502
module.layer4.2.conv1.weight,0.8,72.59599999999999,91.098,1.1298875167053584,0.018132764846086502
module.layer4.2.conv1.weight,0.8500000000000001,70.13199999999999,89.654,1.2354815094446647,0.018132764846086502
module.layer4.2.conv1.weight,0.9,66.206,87.45,1.4163021238482731,0.018132764846086502
module.layer4.2.conv2.weight,0.0,76.13,92.862,0.9614681282213756,0.011044841259717941
module.layer4.2.conv2.weight,0.05,76.14,92.866,0.9611507365289997,0.011044841259717941
module.layer4.2.conv2.weight,0.1,76.134,92.85,0.9619301581869325,0.011044841259717941
module.layer4.2.conv2.weight,0.15000000000000002,76.116,92.862,0.9616658134119848,0.011044841259717941
module.layer4.2.conv2.weight,0.2,76.13,92.866,0.9619285148017259,0.011044841259717941
module.layer4.2.conv2.weight,0.25,76.122,92.852,0.960573749578729,0.011044841259717941
module.layer4.2.conv2.weight,0.30000000000000004,76.086,92.84400000000001,0.9640824700496637,0.011044841259717941
module.layer4.2.conv2.weight,0.35000000000000003,76.104,92.828,0.9639988359139887,0.011044841259717941
module.layer4.2.conv2.weight,0.4,76.012,92.838,0.9647560004068882,0.011044841259717941
module.layer4.2.conv2.weight,0.45,75.988,92.816,0.9674563724167493,0.011044841259717941
module.layer4.2.conv2.weight,0.5,75.888,92.758,0.9690209520714629,0.011044841259717941
module.layer4.2.conv2.weight,0.55,75.866,92.752,0.971953630751493,0.011044841259717941
module.layer4.2.conv2.weight,0.6000000000000001,75.736,92.67800000000001,0.9757501920875234,0.011044841259717941
module.layer4.2.conv2.weight,0.65,75.57000000000001,92.58,0.9816948680245147,0.011044841259717941
module.layer4.2.conv2.weight,0.7000000000000001,75.348,92.472,0.9897968954577742,0.011044841259717941
module.layer4.2.conv2.weight,0.75,74.994,92.348,1.001739505906494,0.011044841259717941
module.layer4.2.conv2.weight,0.8,74.644,92.12400000000001,1.0140443398636212,0.011044841259717941
module.layer4.2.conv2.weight,0.8500000000000001,73.76400000000001,91.628,1.04908190424345,0.011044841259717941
module.layer4.2.conv2.weight,0.9,72.408,90.97800000000001,1.104614247472918,0.011044841259717941
module.layer4.2.conv3.weight,0.0,76.13,92.862,0.961838565918864,0.014174186624586582
module.layer4.2.conv3.weight,0.05,76.128,92.864,0.9613456297285705,0.014174186624586582
module.layer4.2.conv3.weight,0.1,76.13,92.864,0.9619162484091156,0.014174186624586582
module.layer4.2.conv3.weight,0.15000000000000002,76.132,92.84599999999999,0.9622737780517465,0.014174186624586582
module.layer4.2.conv3.weight,0.2,76.108,92.85600000000001,0.9614756134699802,0.014174186624586582
module.layer4.2.conv3.weight,0.25,76.12400000000001,92.866,0.9622299877964727,0.014174186624586582
module.layer4.2.conv3.weight,0.30000000000000004,76.066,92.84599999999999,0.961642314584888,0.014174186624586582
module.layer4.2.conv3.weight,0.35000000000000003,76.054,92.826,0.9638305321639902,0.014174186624586582
module.layer4.2.conv3.weight,0.4,76.058,92.838,0.9629744349085553,0.014174186624586582
module.layer4.2.conv3.weight,0.45,76.02,92.85,0.9636588157439714,0.014174186624586582
module.layer4.2.conv3.weight,0.5,76.03800000000001,92.838,0.9655949123659915,0.014174186624586582
module.layer4.2.conv3.weight,0.55,75.97,92.892,0.9655530744669389,0.014174186624586582
module.layer4.2.conv3.weight,0.6000000000000001,75.982,92.848,0.9678329925756062,0.014174186624586582
module.layer4.2.conv3.weight,0.65,75.896,92.83,0.9681050892995329,0.014174186624586582
module.layer4.2.conv3.weight,0.7000000000000001,75.76,92.75,0.9727186992460369,0.014174186624586582
module.layer4.2.conv3.weight,0.75,75.644,92.618,0.9782302805355612,0.014174186624586582
module.layer4.2.conv3.weight,0.8,75.292,92.428,0.9887309928937833,0.014174186624586582
module.layer4.2.conv3.weight,0.8500000000000001,74.66,92.106,1.011468445768161,0.014174186624586582
module.layer4.2.conv3.weight,0.9,73.708,91.604,1.0590667526940913,0.014174186624586582
module.fc.weight,0.0,76.13,92.862,0.9618793987497992,0.03348641097545624
module.fc.weight,0.05,76.13600000000001,92.864,0.9612141002197657,0.03348641097545624
module.fc.weight,0.1,76.118,92.874,0.9617621907774284,0.03348641097545624
module.fc.weight,0.15000000000000002,76.11,92.886,0.9611340305026697,0.03348641097545624
module.fc.weight,0.2,76.084,92.892,0.9618828029048689,0.03348641097545624
module.fc.weight,0.25,76.064,92.888,0.9613377582661956,0.03348641097545624
module.fc.weight,0.30000000000000004,76.044,92.874,0.960397629105315,0.03348641097545624
module.fc.weight,0.35000000000000003,75.968,92.864,0.9610907204297126,0.03348641097545624
module.fc.weight,0.4,75.952,92.868,0.9613663812681117,0.03348641097545624
module.fc.weight,0.45,75.89,92.808,0.9616658061134573,0.03348641097545624
module.fc.weight,0.5,75.828,92.824,0.9636602118915442,0.03348641097545624
module.fc.weight,0.55,75.79400000000001,92.768,0.9633599297732721,0.03348641097545624
module.fc.weight,0.6000000000000001,75.68,92.696,0.9700438647854086,0.03348641097545624
module.fc.weight,0.65,75.458,92.622,0.9745253117717043,0.03348641097545624
module.fc.weight,0.7000000000000001,75.318,92.536,0.9831593468481179,0.03348641097545624
module.fc.weight,0.75,75.024,92.396,0.9966598779571302,0.03348641097545624
module.fc.weight,0.8,74.658,92.23,1.015821046671088,0.03348641097545624
module.fc.weight,0.8500000000000001,74.054,91.91,1.0444218942097256,0.03348641097545624
module.fc.weight,0.9,73.06,91.392,1.1071633276890736,0.03348641097545624
